dataset,protocol,msg,qtype,w_query,x,application/cbor+dns t7 decode,application/cbor+dns t7 encode
iotfinder,dns,r,A,False,5.9e-05,1,
iotfinder,dns,r,A,False,6e-05,28,
iotfinder,dns,r,A,False,6.1e-05,88,
iotfinder,dns,r,A,False,6.2e-05,263,
iotfinder,dns,r,A,False,6.3e-05,433,14
iotfinder,dns,r,A,False,6.4e-05,1243,40
iotfinder,dns,r,A,False,6.5e-05,3542,101
iotfinder,dns,r,A,False,6.6e-05,6266,319
iotfinder,dns,r,A,False,6.7e-05,8847,537
iotfinder,dns,r,A,False,6.8e-05,14674,1572
iotfinder,dns,r,A,False,6.9e-05,22049,3902
iotfinder,dns,r,A,False,7e-05,27110,6130
iotfinder,dns,r,A,False,7.1e-05,30669,9112
iotfinder,dns,r,A,False,7.2e-05,32733,15051
iotfinder,dns,r,A,False,7.3e-05,31679,21118
iotfinder,dns,r,A,False,7.4e-05,29305,25317
iotfinder,dns,r,A,False,7.5e-05,28244,28984
iotfinder,dns,r,A,False,7.6e-05,22021,31590
iotfinder,dns,r,A,False,7.7e-05,13996,30797
iotfinder,dns,r,A,False,7.8e-05,8880,28676
iotfinder,dns,r,A,False,7.9e-05,6139,27092
iotfinder,dns,r,A,False,8e-05,3649,22845
iotfinder,dns,r,A,False,8.1e-05,1629,15857
iotfinder,dns,r,A,False,8.2e-05,545,9712
iotfinder,dns,r,A,False,8.3e-05,233,6866
iotfinder,dns,r,A,False,8.4e-05,141,4523
iotfinder,dns,r,A,False,8.5e-05,95,2478
iotfinder,dns,r,A,False,8.6e-05,62,1094
iotfinder,dns,r,A,False,8.7e-05,39,426
iotfinder,dns,r,A,False,8.8e-05,28,162
iotfinder,dns,r,A,False,8.9e-05,17,115
iotfinder,dns,r,A,False,9e-05,12,92
iotfinder,dns,r,A,False,9.1e-05,14,51
iotfinder,dns,r,A,False,9.2e-05,10,34
iotfinder,dns,r,A,False,9.3e-05,15,36
iotfinder,dns,r,A,False,9.4e-05,8,42
iotfinder,dns,r,A,False,9.5e-05,7,47
iotfinder,dns,r,A,False,9.6e-05,8,57
iotfinder,dns,r,A,False,9.7e-05,6,95
iotfinder,dns,r,A,False,9.8e-05,19,150
iotfinder,dns,r,A,False,9.9e-05,14,206
iotfinder,dns,r,A,False,0.0001,15,277
iotfinder,dns,r,A,False,0.000101,32,315
iotfinder,dns,r,A,False,0.000102,58,410
iotfinder,dns,r,A,False,0.000103,84,525
iotfinder,dns,r,A,False,0.000104,130,685
iotfinder,dns,r,A,False,0.000105,185,969
iotfinder,dns,r,A,False,0.000106,214,1630
iotfinder,dns,r,A,False,0.000107,227,2789
iotfinder,dns,r,A,False,0.000108,221,4357
iotfinder,dns,r,A,False,0.000109,254,6386
iotfinder,dns,r,A,False,0.00011,275,8537
iotfinder,dns,r,A,False,0.000111,247,10360
iotfinder,dns,r,A,False,0.000112,254,12683
iotfinder,dns,r,A,False,0.000113,245,14453
iotfinder,dns,r,A,False,0.000114,225,16298
iotfinder,dns,r,A,False,0.000115,155,17981
iotfinder,dns,r,A,False,0.000116,115,19104
iotfinder,dns,r,A,False,0.000117,74,20081
iotfinder,dns,r,A,False,0.000118,63,20478
iotfinder,dns,r,A,False,0.000119,55,19678
iotfinder,dns,r,A,False,0.00012,32,18563
iotfinder,dns,r,A,False,0.000121,40,17373
iotfinder,dns,r,A,False,0.000122,34,16629
iotfinder,dns,r,A,False,0.000123,10,14496
iotfinder,dns,r,A,False,0.000124,5,12442
iotfinder,dns,r,A,False,0.000125,8,10390
iotfinder,dns,r,A,False,0.000126,3,8805
iotfinder,dns,r,A,False,0.000127,4,7235
iotfinder,dns,r,A,False,0.000128,,5931
iotfinder,dns,r,A,False,0.000129,1,4567
iotfinder,dns,r,A,False,0.00013,1,3419
iotfinder,dns,r,A,False,0.000131,,2361
iotfinder,dns,r,A,False,0.000132,,1728
iotfinder,dns,r,A,False,0.000133,1,1297
iotfinder,dns,r,A,False,0.000134,5,1005
iotfinder,dns,r,A,False,0.000135,1,688
iotfinder,dns,r,A,False,0.000136,1,489
iotfinder,dns,r,A,False,0.000137,7,285
iotfinder,dns,r,A,False,0.000138,4,205
iotfinder,dns,r,A,False,0.000139,3,148
iotfinder,dns,r,A,False,0.00014,1,145
iotfinder,dns,r,A,False,0.000141,3,150
iotfinder,dns,r,A,False,0.000142,1,121
iotfinder,dns,r,A,False,0.000143,1,124
iotfinder,dns,r,A,False,0.000144,6,143
iotfinder,dns,r,A,False,0.000145,4,148
iotfinder,dns,r,A,False,0.000146,3,136
iotfinder,dns,r,A,False,0.000147,4,130
iotfinder,dns,r,A,False,0.000148,4,123
iotfinder,dns,r,A,False,0.000149,6,119
iotfinder,dns,r,A,False,0.00015,8,107
iotfinder,dns,r,A,False,0.000151,1,120
iotfinder,dns,r,A,False,0.000152,1,104
iotfinder,dns,r,A,False,0.000153,3,113
iotfinder,dns,r,A,False,0.000154,,86
iotfinder,dns,r,A,False,0.000155,3,93
iotfinder,dns,r,A,False,0.000156,1,78
iotfinder,dns,r,A,False,0.000157,1,60
iotfinder,dns,r,A,False,0.000158,1,38
iotfinder,dns,r,A,False,0.000159,,29
iotfinder,dns,r,A,False,0.00016,,26
iotfinder,dns,r,A,False,0.000161,1,21
iotfinder,dns,r,A,False,0.000162,,18
iotfinder,dns,r,A,False,0.000163,,15
iotfinder,dns,r,A,False,0.000164,,18
iotfinder,dns,r,A,False,0.000165,2,19
iotfinder,dns,r,A,False,0.000166,1,6
iotfinder,dns,r,A,False,0.000167,1,2
iotfinder,dns,r,A,False,0.000168,9,8
iotfinder,dns,r,A,False,0.000169,14,5
iotfinder,dns,r,A,False,0.00017,24,7
iotfinder,dns,r,A,False,0.000171,40,2
iotfinder,dns,r,A,False,0.000172,42,3
iotfinder,dns,r,A,False,0.000173,63,2
iotfinder,dns,r,A,False,0.000174,92,4
iotfinder,dns,r,A,False,0.000175,140,3
iotfinder,dns,r,A,False,0.000176,220,5
iotfinder,dns,r,A,False,0.000177,284,3
iotfinder,dns,r,A,False,0.000178,366,3
iotfinder,dns,r,A,False,0.000179,469,1
iotfinder,dns,r,A,False,0.00018,579,1
iotfinder,dns,r,A,False,0.000181,729,4
iotfinder,dns,r,A,False,0.000182,853,
iotfinder,dns,r,A,False,0.000183,1152,5
iotfinder,dns,r,A,False,0.000184,1487,3
iotfinder,dns,r,A,False,0.000185,2069,3
iotfinder,dns,r,A,False,0.000186,2781,
iotfinder,dns,r,A,False,0.000187,3531,3
iotfinder,dns,r,A,False,0.000188,4411,3
iotfinder,dns,r,A,False,0.000189,5286,
iotfinder,dns,r,A,False,0.00019,6247,2
iotfinder,dns,r,A,False,0.000191,6882,5
iotfinder,dns,r,A,False,0.000192,7853,3
iotfinder,dns,r,A,False,0.000193,8236,1
iotfinder,dns,r,A,False,0.000194,9156,
iotfinder,dns,r,A,False,0.000195,9880,1
iotfinder,dns,r,A,False,0.000196,10457,
iotfinder,dns,r,A,False,0.000197,11120,1
iotfinder,dns,r,A,False,0.000198,11535,
iotfinder,dns,r,A,False,0.000199,11631,
iotfinder,dns,r,A,False,0.0002,12163,2
iotfinder,dns,r,A,False,0.000201,12516,1
iotfinder,dns,r,A,False,0.000202,12536,
iotfinder,dns,r,A,False,0.000203,12159,1
iotfinder,dns,r,A,False,0.000204,12032,
iotfinder,dns,r,A,False,0.000205,11946,
iotfinder,dns,r,A,False,0.000206,11864,1
iotfinder,dns,r,A,False,0.000207,11317,
iotfinder,dns,r,A,False,0.000208,10532,1
iotfinder,dns,r,A,False,0.000209,9928,
iotfinder,dns,r,A,False,0.00021,9112,1
iotfinder,dns,r,A,False,0.000211,8016,1
iotfinder,dns,r,A,False,0.000212,7542,
iotfinder,dns,r,A,False,0.000213,6775,1
iotfinder,dns,r,A,False,0.000214,6032,1
iotfinder,dns,r,A,False,0.000215,5312,2
iotfinder,dns,r,A,False,0.000216,4489,
iotfinder,dns,r,A,False,0.000217,3935,
iotfinder,dns,r,A,False,0.000218,3297,
iotfinder,dns,r,A,False,0.000219,2757,
iotfinder,dns,r,A,False,0.00022,2200,
iotfinder,dns,r,A,False,0.000221,1778,
iotfinder,dns,r,A,False,0.000222,1459,1
iotfinder,dns,r,A,False,0.000223,1198,
iotfinder,dns,r,A,False,0.000224,995,
iotfinder,dns,r,A,False,0.000225,860,
iotfinder,dns,r,A,False,0.000226,705,
iotfinder,dns,r,A,False,0.000227,549,1
iotfinder,dns,r,A,False,0.000228,437,
iotfinder,dns,r,A,False,0.000229,316,
iotfinder,dns,r,A,False,0.00023,257,2
iotfinder,dns,r,A,False,0.000231,174,1
iotfinder,dns,r,A,False,0.000232,127,
iotfinder,dns,r,A,False,0.000233,106,1
iotfinder,dns,r,A,False,0.000234,68,1
iotfinder,dns,r,A,False,0.000235,48,
iotfinder,dns,r,A,False,0.000236,67,2
iotfinder,dns,r,A,False,0.000237,54,2
iotfinder,dns,r,A,False,0.000238,60,1
iotfinder,dns,r,A,False,0.000239,43,
iotfinder,dns,r,A,False,0.00024,53,
iotfinder,dns,r,A,False,0.000241,37,
iotfinder,dns,r,A,False,0.000242,44,
iotfinder,dns,r,A,False,0.000243,36,
iotfinder,dns,r,A,False,0.000244,33,
iotfinder,dns,r,A,False,0.000245,41,1
iotfinder,dns,r,A,False,0.000246,25,
iotfinder,dns,r,A,False,0.000247,27,
iotfinder,dns,r,A,False,0.000248,30,
iotfinder,dns,r,A,False,0.000249,26,1
iotfinder,dns,r,A,False,0.00025,19,1
iotfinder,dns,r,A,False,0.000251,13,
iotfinder,dns,r,A,False,0.000252,11,
iotfinder,dns,r,A,False,0.000253,9,
iotfinder,dns,r,A,False,0.000254,8,
iotfinder,dns,r,A,False,0.000255,14,
iotfinder,dns,r,A,False,0.000256,11,
iotfinder,dns,r,A,False,0.000257,13,
iotfinder,dns,r,A,False,0.000258,12,
iotfinder,dns,r,A,False,0.000259,8,
iotfinder,dns,r,A,False,0.00026,10,1
iotfinder,dns,r,A,False,0.000261,10,
iotfinder,dns,r,A,False,0.000262,7,1
iotfinder,dns,r,A,False,0.000263,7,1
iotfinder,dns,r,A,False,0.000264,3,
iotfinder,dns,r,A,False,0.000265,2,
iotfinder,dns,r,A,False,0.000266,3,
iotfinder,dns,r,A,False,0.000267,7,
iotfinder,dns,r,A,False,0.000268,3,
iotfinder,dns,r,A,False,0.000269,3,2
iotfinder,dns,r,A,False,0.00027,7,
iotfinder,dns,r,A,False,0.000271,4,
iotfinder,dns,r,A,False,0.000272,7,
iotfinder,dns,r,A,False,0.000273,5,
iotfinder,dns,r,A,False,0.000274,5,1
iotfinder,dns,r,A,False,0.000275,4,
iotfinder,dns,r,A,False,0.000276,2,
iotfinder,dns,r,A,False,0.000277,2,1
iotfinder,dns,r,A,False,0.000278,4,
iotfinder,dns,r,A,False,0.000279,2,3
iotfinder,dns,r,A,False,0.00028,3,1
iotfinder,dns,r,A,False,0.000281,5,
iotfinder,dns,r,A,False,0.000282,2,1
iotfinder,dns,r,A,False,0.000283,4,1
iotfinder,dns,r,A,False,0.000284,4,
iotfinder,dns,r,A,False,0.000285,2,1
iotfinder,dns,r,A,False,0.000286,8,2
iotfinder,dns,r,A,False,0.000287,4,2
iotfinder,dns,r,A,False,0.000288,14,
iotfinder,dns,r,A,False,0.000289,8,
iotfinder,dns,r,A,False,0.00029,22,
iotfinder,dns,r,A,False,0.000291,21,1
iotfinder,dns,r,A,False,0.000292,21,
iotfinder,dns,r,A,False,0.000293,25,
iotfinder,dns,r,A,False,0.000294,25,
iotfinder,dns,r,A,False,0.000295,15,
iotfinder,dns,r,A,False,0.000296,28,
iotfinder,dns,r,A,False,0.000297,36,
iotfinder,dns,r,A,False,0.000298,39,
iotfinder,dns,r,A,False,0.000299,35,1
iotfinder,dns,r,A,False,0.0003,23,
iotfinder,dns,r,A,False,0.000301,33,
iotfinder,dns,r,A,False,0.000302,29,
iotfinder,dns,r,A,False,0.000303,37,
iotfinder,dns,r,A,False,0.000304,41,
iotfinder,dns,r,A,False,0.000305,40,1
iotfinder,dns,r,A,False,0.000306,49,
iotfinder,dns,r,A,False,0.000307,46,
iotfinder,dns,r,A,False,0.000308,48,
iotfinder,dns,r,A,False,0.000309,40,
iotfinder,dns,r,A,False,0.00031,43,
iotfinder,dns,r,A,False,0.000311,43,
iotfinder,dns,r,A,False,0.000312,44,
iotfinder,dns,r,A,False,0.000313,35,
iotfinder,dns,r,A,False,0.000314,43,
iotfinder,dns,r,A,False,0.000315,41,
iotfinder,dns,r,A,False,0.000316,42,
iotfinder,dns,r,A,False,0.000317,47,
iotfinder,dns,r,A,False,0.000318,52,
iotfinder,dns,r,A,False,0.000319,49,
iotfinder,dns,r,A,False,0.00032,47,
iotfinder,dns,r,A,False,0.000321,53,
iotfinder,dns,r,A,False,0.000322,33,
iotfinder,dns,r,A,False,0.000323,36,
iotfinder,dns,r,A,False,0.000324,41,
iotfinder,dns,r,A,False,0.000325,36,
iotfinder,dns,r,A,False,0.000326,35,
iotfinder,dns,r,A,False,0.000327,31,
iotfinder,dns,r,A,False,0.000328,18,
iotfinder,dns,r,A,False,0.000329,12,
iotfinder,dns,r,A,False,0.00033,12,
iotfinder,dns,r,A,False,0.000331,12,
iotfinder,dns,r,A,False,0.000332,8,
iotfinder,dns,r,A,False,0.000333,14,
iotfinder,dns,r,A,False,0.000334,6,
iotfinder,dns,r,A,False,0.000335,12,
iotfinder,dns,r,A,False,0.000336,8,
iotfinder,dns,r,A,False,0.000337,9,
iotfinder,dns,r,A,False,0.000338,5,
iotfinder,dns,r,A,False,0.000339,6,
iotfinder,dns,r,A,False,0.00034,8,
iotfinder,dns,r,A,False,0.000341,8,
iotfinder,dns,r,A,False,0.000342,6,
iotfinder,dns,r,A,False,0.000343,4,
iotfinder,dns,r,A,False,0.000344,1,
iotfinder,dns,r,A,False,0.000345,1,
iotfinder,dns,r,A,False,0.000346,4,
iotfinder,dns,r,A,False,0.000347,1,
iotfinder,dns,r,A,False,0.000349,1,
iotfinder,dns,r,A,False,0.00035,1,
iotfinder,dns,r,A,False,0.000353,1,
iotfinder,dns,r,A,False,0.000356,1,
iotfinder,dns,r,A,False,0.000357,1,
iotfinder,dns,r,A,False,0.000358,2,
iotfinder,dns,r,A,False,0.000361,2,
iotfinder,dns,r,A,False,0.000366,1,
iotfinder,dns,r,A,False,0.000367,1,
iotfinder,dns,r,A,False,0.000368,1,
iotfinder,dns,r,A,False,0.000369,2,
iotfinder,dns,r,A,False,0.00037,1,
iotfinder,dns,r,A,False,0.000372,1,
iotfinder,dns,r,A,False,0.000374,1,
iotfinder,dns,r,A,False,0.000377,1,
iotfinder,dns,r,A,False,0.000381,1,
iotfinder,dns,r,A,False,0.000386,1,
iotfinder,dns,r,A,False,0.000399,1,
iotfinder,dns,r,A,False,0.000408,1,
iotfinder,dns,r,A,False,0.000419,1,
iotfinder,dns,r,A,False,0.000438,1,
iotfinder,dns,r,A,False,0.000446,1,
iotfinder,dns,r,A,False,0.000453,1,
iotfinder,dns,r,A,False,0.000492,1,
iotfinder,dns,r,A,False,0.000495,1,
iotfinder,dns,r,AAAA,False,6.7e-05,,5
iotfinder,dns,r,AAAA,False,6.8e-05,,43
iotfinder,dns,r,AAAA,False,6.9e-05,,131
iotfinder,dns,r,AAAA,False,7e-05,,244
iotfinder,dns,r,AAAA,False,7.1e-05,1,435
iotfinder,dns,r,AAAA,False,7.2e-05,36,696
iotfinder,dns,r,AAAA,False,7.3e-05,70,982
iotfinder,dns,r,AAAA,False,7.4e-05,275,1230
iotfinder,dns,r,AAAA,False,7.5e-05,752,1513
iotfinder,dns,r,AAAA,False,7.6e-05,1000,1669
iotfinder,dns,r,AAAA,False,7.7e-05,2040,1887
iotfinder,dns,r,AAAA,False,7.8e-05,6075,2248
iotfinder,dns,r,AAAA,False,7.9e-05,12367,2407
iotfinder,dns,r,AAAA,False,8e-05,18170,3430
iotfinder,dns,r,AAAA,False,8.1e-05,21257,7020
iotfinder,dns,r,AAAA,False,8.2e-05,23984,12708
iotfinder,dns,r,AAAA,False,8.3e-05,26899,17736
iotfinder,dns,r,AAAA,False,8.4e-05,25810,20735
iotfinder,dns,r,AAAA,False,8.5e-05,26873,23533
iotfinder,dns,r,AAAA,False,8.6e-05,26235,25862
iotfinder,dns,r,AAAA,False,8.7e-05,21014,26021
iotfinder,dns,r,AAAA,False,8.8e-05,13524,26256
iotfinder,dns,r,AAAA,False,8.9e-05,8729,26076
iotfinder,dns,r,AAAA,False,9e-05,6814,22001
iotfinder,dns,r,AAAA,False,9.1e-05,4721,15473
iotfinder,dns,r,AAAA,False,9.2e-05,2642,9464
iotfinder,dns,r,AAAA,False,9.3e-05,1259,6786
iotfinder,dns,r,AAAA,False,9.4e-05,448,5242
iotfinder,dns,r,AAAA,False,9.5e-05,191,3230
iotfinder,dns,r,AAAA,False,9.6e-05,125,1682
iotfinder,dns,r,AAAA,False,9.7e-05,88,643
iotfinder,dns,r,AAAA,False,9.8e-05,49,277
iotfinder,dns,r,AAAA,False,9.9e-05,29,134
iotfinder,dns,r,AAAA,False,0.0001,20,81
iotfinder,dns,r,AAAA,False,0.000101,17,66
iotfinder,dns,r,AAAA,False,0.000102,17,31
iotfinder,dns,r,AAAA,False,0.000103,14,26
iotfinder,dns,r,AAAA,False,0.000104,7,35
iotfinder,dns,r,AAAA,False,0.000105,5,23
iotfinder,dns,r,AAAA,False,0.000106,14,21
iotfinder,dns,r,AAAA,False,0.000107,18,23
iotfinder,dns,r,AAAA,False,0.000108,8,44
iotfinder,dns,r,AAAA,False,0.000109,11,42
iotfinder,dns,r,AAAA,False,0.00011,8,77
iotfinder,dns,r,AAAA,False,0.000111,7,126
iotfinder,dns,r,AAAA,False,0.000112,9,121
iotfinder,dns,r,AAAA,False,0.000113,2,137
iotfinder,dns,r,AAAA,False,0.000114,8,159
iotfinder,dns,r,AAAA,False,0.000115,5,199
iotfinder,dns,r,AAAA,False,0.000116,9,212
iotfinder,dns,r,AAAA,False,0.000117,15,218
iotfinder,dns,r,AAAA,False,0.000118,36,207
iotfinder,dns,r,AAAA,False,0.000119,48,208
iotfinder,dns,r,AAAA,False,0.00012,79,245
iotfinder,dns,r,AAAA,False,0.000121,144,245
iotfinder,dns,r,AAAA,False,0.000122,213,304
iotfinder,dns,r,AAAA,False,0.000123,312,333
iotfinder,dns,r,AAAA,False,0.000124,374,371
iotfinder,dns,r,AAAA,False,0.000125,457,425
iotfinder,dns,r,AAAA,False,0.000126,485,508
iotfinder,dns,r,AAAA,False,0.000127,546,550
iotfinder,dns,r,AAAA,False,0.000128,622,596
iotfinder,dns,r,AAAA,False,0.000129,619,578
iotfinder,dns,r,AAAA,False,0.00013,629,626
iotfinder,dns,r,AAAA,False,0.000131,643,628
iotfinder,dns,r,AAAA,False,0.000132,712,625
iotfinder,dns,r,AAAA,False,0.000133,804,608
iotfinder,dns,r,AAAA,False,0.000134,768,534
iotfinder,dns,r,AAAA,False,0.000135,801,526
iotfinder,dns,r,AAAA,False,0.000136,810,403
iotfinder,dns,r,AAAA,False,0.000137,885,287
iotfinder,dns,r,AAAA,False,0.000138,842,232
iotfinder,dns,r,AAAA,False,0.000139,809,174
iotfinder,dns,r,AAAA,False,0.00014,761,135
iotfinder,dns,r,AAAA,False,0.000141,733,86
iotfinder,dns,r,AAAA,False,0.000142,593,85
iotfinder,dns,r,AAAA,False,0.000143,460,39
iotfinder,dns,r,AAAA,False,0.000144,427,22
iotfinder,dns,r,AAAA,False,0.000145,360,28
iotfinder,dns,r,AAAA,False,0.000146,365,8
iotfinder,dns,r,AAAA,False,0.000147,309,3
iotfinder,dns,r,AAAA,False,0.000148,257,2
iotfinder,dns,r,AAAA,False,0.000149,154,5
iotfinder,dns,r,AAAA,False,0.00015,112,6
iotfinder,dns,r,AAAA,False,0.000151,80,1
iotfinder,dns,r,AAAA,False,0.000152,73,1
iotfinder,dns,r,AAAA,False,0.000153,53,6
iotfinder,dns,r,AAAA,False,0.000154,36,2
iotfinder,dns,r,AAAA,False,0.000155,33,
iotfinder,dns,r,AAAA,False,0.000156,22,1
iotfinder,dns,r,AAAA,False,0.000157,15,1
iotfinder,dns,r,AAAA,False,0.000158,10,1
iotfinder,dns,r,AAAA,False,0.000159,8,1
iotfinder,dns,r,AAAA,False,0.00016,6,4
iotfinder,dns,r,AAAA,False,0.000161,4,2
iotfinder,dns,r,AAAA,False,0.000162,5,1
iotfinder,dns,r,AAAA,False,0.000163,2,2
iotfinder,dns,r,AAAA,False,0.000164,3,
iotfinder,dns,r,AAAA,False,0.000165,1,2
iotfinder,dns,r,AAAA,False,0.000166,2,
iotfinder,dns,r,AAAA,False,0.000167,1,1
iotfinder,dns,r,AAAA,False,0.000168,1,
iotfinder,dns,r,AAAA,False,0.000169,,1
iotfinder,dns,r,AAAA,False,0.00017,3,1
iotfinder,dns,r,AAAA,False,0.000171,,1
iotfinder,dns,r,AAAA,False,0.000172,,1
iotfinder,dns,r,AAAA,False,0.000173,1,
iotfinder,dns,r,AAAA,False,0.000174,,1
iotfinder,dns,r,AAAA,False,0.000176,2,
iotfinder,dns,r,AAAA,False,0.000177,,2
iotfinder,dns,r,AAAA,False,0.000178,,1
iotfinder,dns,r,AAAA,False,0.00018,1,
iotfinder,dns,r,AAAA,False,0.000181,3,
iotfinder,dns,r,AAAA,False,0.000182,1,
iotfinder,dns,r,AAAA,False,0.000184,,1
iotfinder,dns,r,AAAA,False,0.000185,2,
iotfinder,dns,r,AAAA,False,0.000186,,1
iotfinder,dns,r,AAAA,False,0.000188,2,2
iotfinder,dns,r,AAAA,False,0.000189,4,1
iotfinder,dns,r,AAAA,False,0.00019,3,
iotfinder,dns,r,AAAA,False,0.000191,11,
iotfinder,dns,r,AAAA,False,0.000192,3,
iotfinder,dns,r,AAAA,False,0.000193,15,
iotfinder,dns,r,AAAA,False,0.000194,6,1
iotfinder,dns,r,AAAA,False,0.000195,8,2
iotfinder,dns,r,AAAA,False,0.000196,20,
iotfinder,dns,r,AAAA,False,0.000197,30,1
iotfinder,dns,r,AAAA,False,0.000198,40,
iotfinder,dns,r,AAAA,False,0.000199,57,1
iotfinder,dns,r,AAAA,False,0.0002,91,
iotfinder,dns,r,AAAA,False,0.000201,107,
iotfinder,dns,r,AAAA,False,0.000202,155,
iotfinder,dns,r,AAAA,False,0.000203,171,1
iotfinder,dns,r,AAAA,False,0.000204,194,
iotfinder,dns,r,AAAA,False,0.000205,234,
iotfinder,dns,r,AAAA,False,0.000206,288,
iotfinder,dns,r,AAAA,False,0.000207,265,1
iotfinder,dns,r,AAAA,False,0.000208,331,
iotfinder,dns,r,AAAA,False,0.000209,344,
iotfinder,dns,r,AAAA,False,0.00021,348,
iotfinder,dns,r,AAAA,False,0.000211,337,
iotfinder,dns,r,AAAA,False,0.000212,353,
iotfinder,dns,r,AAAA,False,0.000213,358,
iotfinder,dns,r,AAAA,False,0.000214,356,
iotfinder,dns,r,AAAA,False,0.000215,351,
iotfinder,dns,r,AAAA,False,0.000216,401,
iotfinder,dns,r,AAAA,False,0.000217,366,
iotfinder,dns,r,AAAA,False,0.000218,398,
iotfinder,dns,r,AAAA,False,0.000219,365,
iotfinder,dns,r,AAAA,False,0.00022,344,
iotfinder,dns,r,AAAA,False,0.000221,304,
iotfinder,dns,r,AAAA,False,0.000222,262,
iotfinder,dns,r,AAAA,False,0.000223,241,
iotfinder,dns,r,AAAA,False,0.000224,186,
iotfinder,dns,r,AAAA,False,0.000225,185,
iotfinder,dns,r,AAAA,False,0.000226,166,1
iotfinder,dns,r,AAAA,False,0.000227,131,
iotfinder,dns,r,AAAA,False,0.000228,112,
iotfinder,dns,r,AAAA,False,0.000229,94,
iotfinder,dns,r,AAAA,False,0.00023,83,
iotfinder,dns,r,AAAA,False,0.000231,69,
iotfinder,dns,r,AAAA,False,0.000232,58,
iotfinder,dns,r,AAAA,False,0.000233,51,1
iotfinder,dns,r,AAAA,False,0.000234,61,
iotfinder,dns,r,AAAA,False,0.000235,41,
iotfinder,dns,r,AAAA,False,0.000236,36,
iotfinder,dns,r,AAAA,False,0.000237,41,
iotfinder,dns,r,AAAA,False,0.000238,48,
iotfinder,dns,r,AAAA,False,0.000239,34,
iotfinder,dns,r,AAAA,False,0.00024,49,
iotfinder,dns,r,AAAA,False,0.000241,50,
iotfinder,dns,r,AAAA,False,0.000242,63,
iotfinder,dns,r,AAAA,False,0.000243,61,
iotfinder,dns,r,AAAA,False,0.000244,56,
iotfinder,dns,r,AAAA,False,0.000245,56,
iotfinder,dns,r,AAAA,False,0.000246,68,
iotfinder,dns,r,AAAA,False,0.000247,65,
iotfinder,dns,r,AAAA,False,0.000248,69,
iotfinder,dns,r,AAAA,False,0.000249,76,2
iotfinder,dns,r,AAAA,False,0.00025,86,1
iotfinder,dns,r,AAAA,False,0.000251,63,2
iotfinder,dns,r,AAAA,False,0.000252,75,
iotfinder,dns,r,AAAA,False,0.000253,68,
iotfinder,dns,r,AAAA,False,0.000254,86,1
iotfinder,dns,r,AAAA,False,0.000255,75,
iotfinder,dns,r,AAAA,False,0.000256,88,
iotfinder,dns,r,AAAA,False,0.000257,79,
iotfinder,dns,r,AAAA,False,0.000258,81,
iotfinder,dns,r,AAAA,False,0.000259,64,
iotfinder,dns,r,AAAA,False,0.00026,81,
iotfinder,dns,r,AAAA,False,0.000261,65,
iotfinder,dns,r,AAAA,False,0.000262,57,
iotfinder,dns,r,AAAA,False,0.000263,61,
iotfinder,dns,r,AAAA,False,0.000264,56,
iotfinder,dns,r,AAAA,False,0.000265,48,
iotfinder,dns,r,AAAA,False,0.000266,44,
iotfinder,dns,r,AAAA,False,0.000267,39,
iotfinder,dns,r,AAAA,False,0.000268,48,
iotfinder,dns,r,AAAA,False,0.000269,45,
iotfinder,dns,r,AAAA,False,0.00027,35,
iotfinder,dns,r,AAAA,False,0.000271,35,
iotfinder,dns,r,AAAA,False,0.000272,36,
iotfinder,dns,r,AAAA,False,0.000273,15,
iotfinder,dns,r,AAAA,False,0.000274,31,
iotfinder,dns,r,AAAA,False,0.000275,28,
iotfinder,dns,r,AAAA,False,0.000276,33,
iotfinder,dns,r,AAAA,False,0.000277,30,
iotfinder,dns,r,AAAA,False,0.000278,22,
iotfinder,dns,r,AAAA,False,0.000279,21,
iotfinder,dns,r,AAAA,False,0.00028,26,
iotfinder,dns,r,AAAA,False,0.000281,15,
iotfinder,dns,r,AAAA,False,0.000282,13,
iotfinder,dns,r,AAAA,False,0.000283,8,
iotfinder,dns,r,AAAA,False,0.000284,16,
iotfinder,dns,r,AAAA,False,0.000285,8,
iotfinder,dns,r,AAAA,False,0.000286,6,
iotfinder,dns,r,AAAA,False,0.000287,9,
iotfinder,dns,r,AAAA,False,0.000288,7,
iotfinder,dns,r,AAAA,False,0.000289,10,
iotfinder,dns,r,AAAA,False,0.00029,9,
iotfinder,dns,r,AAAA,False,0.000291,6,
iotfinder,dns,r,AAAA,False,0.000292,1,
iotfinder,dns,r,AAAA,False,0.000293,1,
iotfinder,dns,r,AAAA,False,0.000294,3,1
iotfinder,dns,r,AAAA,False,0.000295,1,
iotfinder,dns,r,AAAA,False,0.000296,1,
iotfinder,dns,r,AAAA,False,0.000297,1,
iotfinder,dns,r,AAAA,False,0.0003,4,
iotfinder,dns,r,AAAA,False,0.000306,1,
iotfinder,dns,r,AAAA,False,0.000309,1,
iotfinder,dns,r,AAAA,False,0.000316,1,
iotfinder,dns,r,AAAA,False,0.000317,1,
iotfinder,dns,r,AAAA,False,0.000324,1,
iotfinder,dns,r,AAAA,False,0.000327,1,
iotfinder,dns,r,AAAA,False,0.000342,1,
iotfinder,dns,r,TXT,False,6.9e-05,2,
iotfinder,dns,r,TXT,False,7e-05,26,
iotfinder,dns,r,TXT,False,7.1e-05,37,
iotfinder,dns,r,TXT,False,7.2e-05,9,
iotfinder,dns,r,TXT,False,7.3e-05,3,
iotfinder,dns,r,TXT,False,7.4e-05,23,
iotfinder,dns,r,TXT,False,7.5e-05,41,
iotfinder,dns,r,TXT,False,7.6e-05,15,
iotfinder,dns,r,TXT,False,7.7e-05,9,
iotfinder,dns,r,TXT,False,7.8e-05,3,
iotfinder,dns,r,TXT,False,7.9e-05,27,8
iotfinder,dns,r,TXT,False,8e-05,12,27
iotfinder,dns,r,TXT,False,8.1e-05,3,29
iotfinder,dns,r,TXT,False,8.2e-05,6,12
iotfinder,dns,r,TXT,False,8.3e-05,,5
iotfinder,dns,r,TXT,False,8.4e-05,,12
iotfinder,dns,r,TXT,False,8.5e-05,,22
iotfinder,dns,r,TXT,False,8.6e-05,,27
iotfinder,dns,r,TXT,False,8.7e-05,,22
iotfinder,dns,r,TXT,False,8.8e-05,1,18
iotfinder,dns,r,TXT,False,8.9e-05,,11
iotfinder,dns,r,TXT,False,9e-05,1,12
iotfinder,dns,r,TXT,False,9.1e-05,,5
iotfinder,dns,r,TXT,False,9.2e-05,,2
iotfinder,dns,r,TXT,False,9.3e-05,1,5
iotfinder,dns,r,TXT,False,9.4e-05,,1
iotfinder,dns,r,TXT,False,9.7e-05,,1
iotfinder,dns,r,PTR,False,6.8e-05,,25
iotfinder,dns,r,PTR,False,6.9e-05,,129
iotfinder,dns,r,PTR,False,7e-05,,157
iotfinder,dns,r,PTR,False,7.1e-05,,48
iotfinder,dns,r,PTR,False,7.2e-05,,77
iotfinder,dns,r,PTR,False,7.3e-05,,346
iotfinder,dns,r,PTR,False,7.4e-05,,554
iotfinder,dns,r,PTR,False,7.5e-05,,694
iotfinder,dns,r,PTR,False,7.6e-05,,775
iotfinder,dns,r,PTR,False,7.7e-05,,801
iotfinder,dns,r,PTR,False,7.8e-05,,909
iotfinder,dns,r,PTR,False,7.9e-05,,988
iotfinder,dns,r,PTR,False,8e-05,,1083
iotfinder,dns,r,PTR,False,8.1e-05,,1058
iotfinder,dns,r,PTR,False,8.2e-05,,1202
iotfinder,dns,r,PTR,False,8.3e-05,,1246
iotfinder,dns,r,PTR,False,8.4e-05,,1116
iotfinder,dns,r,PTR,False,8.5e-05,,1028
iotfinder,dns,r,PTR,False,8.6e-05,,1042
iotfinder,dns,r,PTR,False,8.7e-05,,914
iotfinder,dns,r,PTR,False,8.8e-05,,691
iotfinder,dns,r,PTR,False,8.9e-05,,470
iotfinder,dns,r,PTR,False,9e-05,,395
iotfinder,dns,r,PTR,False,9.1e-05,,242
iotfinder,dns,r,PTR,False,9.2e-05,,156
iotfinder,dns,r,PTR,False,9.3e-05,,75
iotfinder,dns,r,PTR,False,9.4e-05,,44
iotfinder,dns,r,PTR,False,9.5e-05,,14
iotfinder,dns,r,PTR,False,9.6e-05,,9
iotfinder,dns,r,PTR,False,9.7e-05,,5
iotfinder,dns,r,PTR,False,9.8e-05,20,1
iotfinder,dns,r,PTR,False,9.9e-05,87,1
iotfinder,dns,r,PTR,False,0.0001,116,2
iotfinder,dns,r,PTR,False,0.000101,95,
iotfinder,dns,r,PTR,False,0.000102,46,1
iotfinder,dns,r,PTR,False,0.000103,50,1
iotfinder,dns,r,PTR,False,0.000104,199,
iotfinder,dns,r,PTR,False,0.000105,368,
iotfinder,dns,r,PTR,False,0.000106,407,
iotfinder,dns,r,PTR,False,0.000107,540,
iotfinder,dns,r,PTR,False,0.000108,517,
iotfinder,dns,r,PTR,False,0.000109,549,
iotfinder,dns,r,PTR,False,0.00011,619,
iotfinder,dns,r,PTR,False,0.000111,768,
iotfinder,dns,r,PTR,False,0.000112,630,
iotfinder,dns,r,PTR,False,0.000113,548,1
iotfinder,dns,r,PTR,False,0.000114,342,
iotfinder,dns,r,PTR,False,0.000115,267,
iotfinder,dns,r,PTR,False,0.000116,284,
iotfinder,dns,r,PTR,False,0.000117,230,
iotfinder,dns,r,PTR,False,0.000118,172,
iotfinder,dns,r,PTR,False,0.000119,134,
iotfinder,dns,r,PTR,False,0.00012,134,
iotfinder,dns,r,PTR,False,0.000121,119,
iotfinder,dns,r,PTR,False,0.000122,81,
iotfinder,dns,r,PTR,False,0.000123,53,
iotfinder,dns,r,PTR,False,0.000124,29,1
iotfinder,dns,r,PTR,False,0.000125,19,
iotfinder,dns,r,PTR,False,0.000126,25,
iotfinder,dns,r,PTR,False,0.000127,57,
iotfinder,dns,r,PTR,False,0.000128,124,
iotfinder,dns,r,PTR,False,0.000129,166,
iotfinder,dns,r,PTR,False,0.00013,230,
iotfinder,dns,r,PTR,False,0.000131,329,
iotfinder,dns,r,PTR,False,0.000132,414,1
iotfinder,dns,r,PTR,False,0.000133,457,
iotfinder,dns,r,PTR,False,0.000134,515,
iotfinder,dns,r,PTR,False,0.000135,611,
iotfinder,dns,r,PTR,False,0.000136,585,
iotfinder,dns,r,PTR,False,0.000137,565,
iotfinder,dns,r,PTR,False,0.000138,555,
iotfinder,dns,r,PTR,False,0.000139,552,
iotfinder,dns,r,PTR,False,0.00014,559,
iotfinder,dns,r,PTR,False,0.000141,609,
iotfinder,dns,r,PTR,False,0.000142,564,
iotfinder,dns,r,PTR,False,0.000143,416,
iotfinder,dns,r,PTR,False,0.000144,332,
iotfinder,dns,r,PTR,False,0.000145,309,
iotfinder,dns,r,PTR,False,0.000146,222,
iotfinder,dns,r,PTR,False,0.000147,172,
iotfinder,dns,r,PTR,False,0.000148,141,
iotfinder,dns,r,PTR,False,0.000149,137,
iotfinder,dns,r,PTR,False,0.00015,88,
iotfinder,dns,r,PTR,False,0.000151,54,
iotfinder,dns,r,PTR,False,0.000152,41,
iotfinder,dns,r,PTR,False,0.000153,23,
iotfinder,dns,r,PTR,False,0.000154,3,1
iotfinder,dns,r,PTR,False,0.000155,7,
iotfinder,dns,r,PTR,False,0.000156,7,
iotfinder,dns,r,PTR,False,0.000157,1,
iotfinder,dns,r,PTR,False,0.000158,2,1
iotfinder,dns,r,PTR,False,0.000159,1,
iotfinder,dns,r,PTR,False,0.000164,1,
iotfinder,dns,r,PTR,False,0.000165,1,
iotfinder,dns,r,PTR,False,0.000169,1,
iotfinder,dns,r,PTR,False,0.000186,1,
iotfinder,dns,r,PTR,False,0.000189,1,
iotfinder,dns,r,PTR,False,0.000198,1,
iotfinder,dns,r,PTR,False,0.00021,,1
iotfinder,dns,r,PTR,False,0.000211,1,
iotfinder,dns,r,PTR,False,0.000221,1,
iotfinder,dns,r,PTR,False,0.000247,,1
iotfinder,dns,r,PTR,False,0.000277,1,
iotfinder,dns,r,PTR,False,0.000293,1,
moniotr,mdns,q,PTR,False,2.2e-05,,3
moniotr,mdns,q,PTR,False,2.3e-05,56,203
moniotr,mdns,q,PTR,False,2.4e-05,203,166
moniotr,mdns,q,PTR,False,2.5e-05,239,419
moniotr,mdns,q,PTR,False,2.6e-05,892,1015
moniotr,mdns,q,PTR,False,2.7e-05,748,476
moniotr,mdns,q,PTR,False,2.8e-05,237,177
moniotr,mdns,q,PTR,False,2.9e-05,112,92
moniotr,mdns,q,PTR,False,3e-05,52,9
moniotr,mdns,q,PTR,False,3.1e-05,4,2
moniotr,mdns,q,PTR,False,3.2e-05,,1
moniotr,mdns,q,PTR,False,3.3e-05,1,1
moniotr,mdns,q,PTR,False,3.4e-05,9,
moniotr,mdns,q,PTR,False,3.5e-05,5,1
moniotr,mdns,q,PTR,False,3.6e-05,4,
moniotr,mdns,q,PTR,False,4e-05,2,16
moniotr,mdns,q,PTR,False,4.1e-05,,67
moniotr,mdns,q,PTR,False,4.2e-05,,75
moniotr,mdns,q,PTR,False,4.3e-05,,63
moniotr,mdns,q,PTR,False,4.4e-05,,117
moniotr,mdns,q,PTR,False,4.5e-05,,125
moniotr,mdns,q,PTR,False,4.6e-05,,111
moniotr,mdns,q,PTR,False,4.7e-05,1,109
moniotr,mdns,q,PTR,False,4.8e-05,,99
moniotr,mdns,q,PTR,False,4.9e-05,,88
moniotr,mdns,q,PTR,False,5e-05,,57
moniotr,mdns,q,PTR,False,5.1e-05,,27
moniotr,mdns,q,PTR,False,5.2e-05,,14
moniotr,mdns,q,PTR,False,5.3e-05,,3
moniotr,mdns,q,PTR,False,5.9e-05,,1
moniotr,mdns,q,PTR,False,6.1e-05,3,
moniotr,mdns,q,PTR,False,6.2e-05,28,
moniotr,mdns,q,PTR,False,6.3e-05,52,
moniotr,mdns,q,PTR,False,6.4e-05,43,
moniotr,mdns,q,PTR,False,6.5e-05,20,
moniotr,mdns,q,PTR,False,6.6e-05,48,
moniotr,mdns,q,PTR,False,6.7e-05,75,
moniotr,mdns,q,PTR,False,6.8e-05,29,
moniotr,mdns,q,PTR,False,6.9e-05,81,
moniotr,mdns,q,PTR,False,7e-05,78,
moniotr,mdns,q,PTR,False,7.1e-05,80,
moniotr,mdns,q,PTR,False,7.2e-05,85,
moniotr,mdns,q,PTR,False,7.3e-05,45,
moniotr,mdns,q,PTR,False,7.4e-05,53,
moniotr,mdns,q,PTR,False,7.5e-05,43,
moniotr,mdns,q,PTR,False,7.6e-05,43,
moniotr,mdns,q,PTR,False,7.7e-05,39,
moniotr,mdns,q,PTR,False,7.8e-05,35,
moniotr,mdns,q,PTR,False,7.9e-05,37,
moniotr,mdns,q,PTR,False,8e-05,39,
moniotr,mdns,q,PTR,False,8.1e-05,10,
moniotr,mdns,q,PTR,False,8.2e-05,3,
moniotr,mdns,q,PTR,False,8.4e-05,2,1
moniotr,mdns,q,PTR,False,8.5e-05,1,
moniotr,mdns,q,PTR,False,9.3e-05,1,
moniotr,mdns,q,ANY,False,4.1e-05,,3
moniotr,mdns,q,ANY,False,4.2e-05,,15
moniotr,mdns,q,ANY,False,4.3e-05,,26
moniotr,mdns,q,ANY,False,4.4e-05,,10
moniotr,mdns,q,ANY,False,4.5e-05,,5
moniotr,mdns,q,ANY,False,4.6e-05,,19
moniotr,mdns,q,ANY,False,4.7e-05,,41
moniotr,mdns,q,ANY,False,4.8e-05,,36
moniotr,mdns,q,ANY,False,4.9e-05,,20
moniotr,mdns,q,ANY,False,5e-05,,22
moniotr,mdns,q,ANY,False,5.1e-05,,26
moniotr,mdns,q,ANY,False,5.2e-05,,19
moniotr,mdns,q,ANY,False,5.3e-05,,11
moniotr,mdns,q,ANY,False,5.4e-05,,19
moniotr,mdns,q,ANY,False,5.5e-05,,5
moniotr,mdns,q,ANY,False,5.8e-05,1,
moniotr,mdns,q,ANY,False,5.9e-05,5,
moniotr,mdns,q,ANY,False,6e-05,2,
moniotr,mdns,q,ANY,False,6.1e-05,25,
moniotr,mdns,q,ANY,False,6.2e-05,10,
moniotr,mdns,q,ANY,False,6.3e-05,4,
moniotr,mdns,q,ANY,False,6.4e-05,9,4
moniotr,mdns,q,ANY,False,6.5e-05,5,23
moniotr,mdns,q,ANY,False,6.6e-05,7,10
moniotr,mdns,q,ANY,False,6.7e-05,20,5
moniotr,mdns,q,ANY,False,6.8e-05,30,10
moniotr,mdns,q,ANY,False,6.9e-05,11,8
moniotr,mdns,q,ANY,False,7e-05,13,6
moniotr,mdns,q,ANY,False,7.1e-05,5,2
moniotr,mdns,q,ANY,False,7.2e-05,16,
moniotr,mdns,q,ANY,False,7.3e-05,9,
moniotr,mdns,q,ANY,False,7.4e-05,11,
moniotr,mdns,q,ANY,False,7.5e-05,5,
moniotr,mdns,q,ANY,False,7.6e-05,5,
moniotr,mdns,q,ANY,False,7.7e-05,3,
moniotr,mdns,q,ANY,False,7.8e-05,2,
moniotr,mdns,q,ANY,False,7.9e-05,5,
moniotr,mdns,q,ANY,False,8e-05,1,
moniotr,mdns,q,ANY,False,8.1e-05,4,
moniotr,mdns,q,ANY,False,8.2e-05,12,
moniotr,mdns,q,ANY,False,8.3e-05,15,
moniotr,mdns,q,ANY,False,8.4e-05,2,
moniotr,mdns,q,ANY,False,8.5e-05,1,
moniotr,mdns,q,ANY,False,8.6e-05,3,
moniotr,mdns,q,ANY,False,8.7e-05,13,
moniotr,mdns,q,ANY,False,8.8e-05,10,
moniotr,mdns,q,ANY,False,8.9e-05,7,
moniotr,mdns,q,ANY,False,9e-05,5,
moniotr,mdns,q,ANY,False,9.1e-05,1,
moniotr,mdns,q,ANY,False,0.000107,1,
moniotr,mdns,q,ANY,False,0.000108,16,
moniotr,mdns,q,ANY,False,0.000109,12,
moniotr,mdns,q,ANY,False,0.00011,1,
moniotr,mdns,q,ANY,False,0.000111,1,
moniotr,mdns,q,ANY,False,0.000112,1,
moniotr,mdns,q,ANY,False,0.000114,4,
moniotr,mdns,q,ANY,False,0.000115,4,
moniotr,mdns,q,ANY,False,0.000116,4,
moniotr,mdns,q,ANY,False,0.000117,11,
moniotr,mdns,q,ANY,False,0.000118,5,
moniotr,mdns,q,ANY,False,0.000119,4,
moniotr,mdns,q,ANY,False,0.00012,2,
moniotr,mdns,q,ANY,False,0.000121,1,
moniotr,mdns,q,ANY,False,0.000127,1,
moniotr,mdns,q,SRV,False,2.7e-05,,7
moniotr,mdns,q,SRV,False,2.8e-05,,61
moniotr,mdns,q,SRV,False,2.9e-05,13,13
moniotr,mdns,q,SRV,False,3e-05,44,29
moniotr,mdns,q,SRV,False,3.1e-05,18,39
moniotr,mdns,q,SRV,False,3.2e-05,16,45
moniotr,mdns,q,SRV,False,3.3e-05,11,24
moniotr,mdns,q,SRV,False,3.4e-05,,22
moniotr,mdns,q,SRV,False,3.5e-05,8,3
moniotr,mdns,q,SRV,False,3.6e-05,42,2
moniotr,mdns,q,SRV,False,3.7e-05,29,
moniotr,mdns,q,SRV,False,3.8e-05,29,
moniotr,mdns,q,SRV,False,3.9e-05,20,
moniotr,mdns,q,SRV,False,4e-05,8,
moniotr,mdns,q,SRV,False,4.1e-05,2,
moniotr,mdns,q,SRV,False,4.2e-05,3,
moniotr,mdns,q,SRV,False,4.3e-05,3,
moniotr,mdns,q,SRV,False,4.5e-05,,1
moniotr,dns,q,A,False,1.9e-05,2,
moniotr,dns,q,A,False,2e-05,8,
moniotr,dns,q,A,False,2.1e-05,2583,3
moniotr,dns,q,A,False,2.2e-05,14509,1136
moniotr,dns,q,A,False,2.3e-05,6816,14337
moniotr,dns,q,A,False,2.4e-05,9567,7858
moniotr,dns,q,A,False,2.5e-05,13358,9320
moniotr,dns,q,A,False,2.6e-05,11908,13130
moniotr,dns,q,A,False,2.7e-05,7728,14494
moniotr,dns,q,A,False,2.8e-05,4373,10038
moniotr,dns,q,A,False,2.9e-05,2262,4241
moniotr,dns,q,A,False,3e-05,1643,1650
moniotr,dns,q,A,False,3.1e-05,970,546
moniotr,dns,q,A,False,3.2e-05,594,216
moniotr,dns,q,A,False,3.3e-05,297,103
moniotr,dns,q,A,False,3.4e-05,123,28
moniotr,dns,q,A,False,3.5e-05,121,15
moniotr,dns,q,A,False,3.6e-05,84,4
moniotr,dns,q,A,False,3.7e-05,107,9
moniotr,dns,q,A,False,3.8e-05,64,6
moniotr,dns,q,A,False,3.9e-05,11,3
moniotr,dns,q,A,False,4e-05,2,11
moniotr,dns,q,A,False,4.1e-05,3,1
moniotr,dns,q,A,False,4.2e-05,5,1
moniotr,dns,q,A,False,4.3e-05,3,2
moniotr,dns,q,A,False,4.4e-05,,1
moniotr,dns,q,A,False,4.6e-05,3,1
moniotr,dns,q,A,False,4.7e-05,,4
moniotr,dns,q,A,False,4.8e-05,1,
moniotr,dns,q,A,False,4.9e-05,1,1
moniotr,dns,q,A,False,5.1e-05,1,
moniotr,dns,q,A,False,5.2e-05,1,2
moniotr,dns,q,A,False,5.3e-05,1,
moniotr,dns,q,A,False,5.5e-05,1,
moniotr,dns,q,A,False,5.7e-05,1,
moniotr,dns,q,A,False,5.8e-05,1,2
moniotr,dns,q,A,False,5.9e-05,1,1
moniotr,dns,q,A,False,6.4e-05,,1
moniotr,dns,q,A,False,6.5e-05,1,1
moniotr,dns,q,A,False,7.1e-05,1,
moniotr,dns,q,A,False,7.2e-05,1,
moniotr,dns,q,A,False,7.3e-05,1,
moniotr,dns,q,A,False,9.3e-05,2,
moniotr,dns,q,A,False,9.4e-05,1,
moniotr,dns,q,A,False,9.8e-05,1,
moniotr,dns,q,A,False,0.000103,,1
moniotr,dns,q,A,False,0.000104,1,
moniotr,dns,q,A,False,0.000109,1,
moniotr,dns,q,A,False,0.000117,2,
moniotr,dns,q,A,False,0.000131,1,
moniotr,dns,q,A,False,0.000173,1,
moniotr,dns,q,AAAA,False,2e-05,19,
moniotr,dns,q,AAAA,False,2.1e-05,154,6
moniotr,dns,q,AAAA,False,2.2e-05,445,199
moniotr,dns,q,AAAA,False,2.3e-05,484,601
moniotr,dns,q,AAAA,False,2.4e-05,700,529
moniotr,dns,q,AAAA,False,2.5e-05,823,861
moniotr,dns,q,AAAA,False,2.6e-05,976,1062
moniotr,dns,q,AAAA,False,2.7e-05,830,1267
moniotr,dns,q,AAAA,False,2.8e-05,533,956
moniotr,dns,q,AAAA,False,2.9e-05,375,563
moniotr,dns,q,AAAA,False,3e-05,202,169
moniotr,dns,q,AAAA,False,3.1e-05,174,100
moniotr,dns,q,AAAA,False,3.2e-05,314,70
moniotr,dns,q,AAAA,False,3.3e-05,83,25
moniotr,dns,q,AAAA,False,3.4e-05,90,8
moniotr,dns,q,AAAA,False,3.5e-05,52,4
moniotr,dns,q,AAAA,False,3.6e-05,69,1
moniotr,dns,q,AAAA,False,3.7e-05,76,
moniotr,dns,q,AAAA,False,3.8e-05,12,2
moniotr,dns,q,AAAA,False,3.9e-05,5,1
moniotr,dns,q,AAAA,False,4e-05,2,
moniotr,dns,q,AAAA,False,4.1e-05,2,1
moniotr,dns,q,AAAA,False,4.2e-05,1,
moniotr,dns,q,AAAA,False,4.3e-05,4,
moniotr,dns,q,TXT,False,2.7e-05,,12
moniotr,dns,q,TXT,False,2.8e-05,,6
moniotr,dns,q,TXT,False,2.9e-05,9,2
moniotr,dns,q,TXT,False,3e-05,6,4
moniotr,dns,q,TXT,False,3.1e-05,4,10
moniotr,dns,q,TXT,False,3.2e-05,1,1
moniotr,dns,q,TXT,False,3.3e-05,3,
moniotr,dns,q,TXT,False,3.4e-05,3,
moniotr,dns,q,TXT,False,3.5e-05,9,
moniotr,dns,q,PTR,False,2.6e-05,,3
moniotr,dns,q,PTR,False,2.7e-05,,4
moniotr,dns,q,PTR,False,2.8e-05,1,2
moniotr,dns,q,PTR,False,2.9e-05,4,5
moniotr,dns,q,PTR,False,3e-05,4,8
moniotr,dns,q,PTR,False,3.1e-05,1,13
moniotr,dns,q,PTR,False,3.2e-05,4,2
moniotr,dns,q,PTR,False,3.3e-05,16,
moniotr,dns,q,PTR,False,3.4e-05,5,
moniotr,dns,q,PTR,False,3.5e-05,2,
moniotr,dns,r,A,True,5.6e-05,,32
moniotr,dns,r,A,True,5.7e-05,,1738
moniotr,dns,r,A,True,5.8e-05,,5789
moniotr,dns,r,A,True,5.9e-05,,4565
moniotr,dns,r,A,True,6e-05,,1197
moniotr,dns,r,A,True,6.1e-05,,1322
moniotr,dns,r,A,True,6.2e-05,,1400
moniotr,dns,r,A,True,6.3e-05,,801
moniotr,dns,r,A,True,6.4e-05,,1158
moniotr,dns,r,A,True,6.5e-05,,949
moniotr,dns,r,A,True,6.6e-05,,836
moniotr,dns,r,A,True,6.7e-05,,1009
moniotr,dns,r,A,True,6.8e-05,,1175
moniotr,dns,r,A,True,6.9e-05,,1007
moniotr,dns,r,A,True,7e-05,,770
moniotr,dns,r,A,True,7.1e-05,,468
moniotr,dns,r,A,True,7.2e-05,,216
moniotr,dns,r,A,True,7.3e-05,,210
moniotr,dns,r,A,True,7.4e-05,,169
moniotr,dns,r,A,True,7.5e-05,,76
moniotr,dns,r,A,True,7.6e-05,,40
moniotr,dns,r,A,True,7.7e-05,,15
moniotr,dns,r,A,True,7.8e-05,,16
moniotr,dns,r,A,True,7.9e-05,,6
moniotr,dns,r,A,True,8e-05,2,4
moniotr,dns,r,A,True,8.1e-05,376,9
moniotr,dns,r,A,True,8.2e-05,2684,5
moniotr,dns,r,A,True,8.3e-05,5497,6
moniotr,dns,r,A,True,8.4e-05,3546,2
moniotr,dns,r,A,True,8.5e-05,884,8
moniotr,dns,r,A,True,8.6e-05,1062,1
moniotr,dns,r,A,True,8.7e-05,1293,
moniotr,dns,r,A,True,8.8e-05,504,2
moniotr,dns,r,A,True,8.9e-05,435,4
moniotr,dns,r,A,True,9e-05,632,4
moniotr,dns,r,A,True,9.1e-05,753,1
moniotr,dns,r,A,True,9.2e-05,809,2
moniotr,dns,r,A,True,9.3e-05,600,4
moniotr,dns,r,A,True,9.4e-05,547,18
moniotr,dns,r,A,True,9.5e-05,737,25
moniotr,dns,r,A,True,9.6e-05,739,22
moniotr,dns,r,A,True,9.7e-05,625,46
moniotr,dns,r,A,True,9.8e-05,717,37
moniotr,dns,r,A,True,9.9e-05,706,44
moniotr,dns,r,A,True,0.0001,576,84
moniotr,dns,r,A,True,0.000101,318,93
moniotr,dns,r,A,True,0.000102,210,38
moniotr,dns,r,A,True,0.000103,154,25
moniotr,dns,r,A,True,0.000104,100,65
moniotr,dns,r,A,True,0.000105,73,126
moniotr,dns,r,A,True,0.000106,65,160
moniotr,dns,r,A,True,0.000107,97,172
moniotr,dns,r,A,True,0.000108,115,269
moniotr,dns,r,A,True,0.000109,49,406
moniotr,dns,r,A,True,0.00011,17,317
moniotr,dns,r,A,True,0.000111,13,327
moniotr,dns,r,A,True,0.000112,9,295
moniotr,dns,r,A,True,0.000113,9,173
moniotr,dns,r,A,True,0.000114,10,114
moniotr,dns,r,A,True,0.000115,2,56
moniotr,dns,r,A,True,0.000116,3,59
moniotr,dns,r,A,True,0.000117,2,53
moniotr,dns,r,A,True,0.000118,2,39
moniotr,dns,r,A,True,0.000119,5,23
moniotr,dns,r,A,True,0.00012,3,13
moniotr,dns,r,A,True,0.000121,2,10
moniotr,dns,r,A,True,0.000122,4,51
moniotr,dns,r,A,True,0.000123,7,113
moniotr,dns,r,A,True,0.000124,5,115
moniotr,dns,r,A,True,0.000125,2,125
moniotr,dns,r,A,True,0.000126,2,49
moniotr,dns,r,A,True,0.000127,,11
moniotr,dns,r,A,True,0.000128,1,6
moniotr,dns,r,A,True,0.000129,6,4
moniotr,dns,r,A,True,0.00013,,1
moniotr,dns,r,A,True,0.000131,3,3
moniotr,dns,r,A,True,0.000132,1,1
moniotr,dns,r,A,True,0.000135,1,
moniotr,dns,r,A,True,0.000136,2,
moniotr,dns,r,A,True,0.000137,3,
moniotr,dns,r,A,True,0.000138,3,
moniotr,dns,r,A,True,0.000139,2,
moniotr,dns,r,A,True,0.00014,2,
moniotr,dns,r,A,True,0.000141,3,
moniotr,dns,r,A,True,0.000142,3,
moniotr,dns,r,A,True,0.000143,12,
moniotr,dns,r,A,True,0.000144,10,
moniotr,dns,r,A,True,0.000145,29,1
moniotr,dns,r,A,True,0.000146,43,
moniotr,dns,r,A,True,0.000147,71,
moniotr,dns,r,A,True,0.000148,46,
moniotr,dns,r,A,True,0.000149,16,
moniotr,dns,r,A,True,0.00015,4,
moniotr,dns,r,A,True,0.000151,2,
moniotr,dns,r,A,True,0.000152,7,
moniotr,dns,r,A,True,0.000153,9,
moniotr,dns,r,A,True,0.000154,6,
moniotr,dns,r,A,True,0.000155,5,
moniotr,dns,r,A,True,0.000156,2,
moniotr,dns,r,A,True,0.000158,1,
moniotr,dns,r,A,True,0.000159,1,
moniotr,dns,r,A,True,0.000161,1,
moniotr,dns,r,A,True,0.000167,1,
moniotr,dns,r,A,True,0.000183,5,
moniotr,dns,r,A,True,0.000184,2,
moniotr,dns,r,A,True,0.000185,8,
moniotr,dns,r,A,True,0.000186,9,
moniotr,dns,r,A,True,0.000187,6,
moniotr,dns,r,A,True,0.000188,7,
moniotr,dns,r,A,True,0.000189,1,
moniotr,dns,r,A,True,0.00019,3,
moniotr,dns,r,A,True,0.000191,7,
moniotr,dns,r,A,True,0.000192,4,
moniotr,dns,r,A,True,0.000193,5,
moniotr,dns,r,A,True,0.000194,7,
moniotr,dns,r,A,True,0.000195,10,
moniotr,dns,r,A,True,0.000196,12,
moniotr,dns,r,A,True,0.000197,15,
moniotr,dns,r,A,True,0.000198,8,
moniotr,dns,r,A,True,0.000199,12,
moniotr,dns,r,A,True,0.0002,9,
moniotr,dns,r,A,True,0.000201,7,
moniotr,dns,r,A,True,0.000202,11,
moniotr,dns,r,A,True,0.000203,13,
moniotr,dns,r,A,True,0.000204,31,
moniotr,dns,r,A,True,0.000205,27,
moniotr,dns,r,A,True,0.000206,57,
moniotr,dns,r,A,True,0.000207,58,
moniotr,dns,r,A,True,0.000208,84,
moniotr,dns,r,A,True,0.000209,95,
moniotr,dns,r,A,True,0.00021,98,
moniotr,dns,r,A,True,0.000211,99,
moniotr,dns,r,A,True,0.000212,119,
moniotr,dns,r,A,True,0.000213,198,
moniotr,dns,r,A,True,0.000214,192,
moniotr,dns,r,A,True,0.000215,189,
moniotr,dns,r,A,True,0.000216,154,
moniotr,dns,r,A,True,0.000217,132,
moniotr,dns,r,A,True,0.000218,176,
moniotr,dns,r,A,True,0.000219,180,
moniotr,dns,r,A,True,0.00022,156,
moniotr,dns,r,A,True,0.000221,123,
moniotr,dns,r,A,True,0.000222,85,
moniotr,dns,r,A,True,0.000223,59,
moniotr,dns,r,A,True,0.000224,42,
moniotr,dns,r,A,True,0.000225,38,
moniotr,dns,r,A,True,0.000226,33,
moniotr,dns,r,A,True,0.000227,32,
moniotr,dns,r,A,True,0.000228,38,
moniotr,dns,r,A,True,0.000229,33,
moniotr,dns,r,A,True,0.00023,27,
moniotr,dns,r,A,True,0.000231,24,
moniotr,dns,r,A,True,0.000232,15,
moniotr,dns,r,A,True,0.000233,21,
moniotr,dns,r,A,True,0.000234,6,
moniotr,dns,r,A,True,0.000235,8,
moniotr,dns,r,A,True,0.000236,9,
moniotr,dns,r,A,True,0.000237,2,
moniotr,dns,r,A,True,0.000238,4,
moniotr,dns,r,A,True,0.000239,3,
moniotr,dns,r,A,True,0.00024,3,
moniotr,dns,r,A,True,0.000241,3,
moniotr,dns,r,A,True,0.000242,4,
moniotr,dns,r,A,True,0.000243,2,
moniotr,dns,r,A,True,0.000244,8,
moniotr,dns,r,A,True,0.000245,23,
moniotr,dns,r,A,True,0.000246,40,
moniotr,dns,r,A,True,0.000247,100,
moniotr,dns,r,A,True,0.000248,124,
moniotr,dns,r,A,True,0.000249,74,
moniotr,dns,r,A,True,0.00025,54,
moniotr,dns,r,A,True,0.000251,27,
moniotr,dns,r,A,True,0.000252,16,
moniotr,dns,r,A,True,0.000253,7,
moniotr,dns,r,A,True,0.000254,5,
moniotr,dns,r,A,True,0.000255,2,
moniotr,dns,r,A,True,0.000256,2,
moniotr,dns,r,A,True,0.00026,2,
moniotr,dns,r,A,True,0.000261,1,
moniotr,dns,r,A,True,0.000281,1,
moniotr,dns,r,A,True,0.000333,1,
moniotr,dns,r,A,False,5.9e-05,1,
moniotr,dns,r,A,False,6e-05,3,
moniotr,dns,r,A,False,6.1e-05,1,
moniotr,dns,r,A,False,6.2e-05,1,
moniotr,dns,r,A,False,6.3e-05,2,3
moniotr,dns,r,A,False,6.4e-05,1,1
moniotr,dns,r,A,False,6.5e-05,,1
moniotr,dns,r,A,False,6.6e-05,1,1
moniotr,dns,r,A,False,6.7e-05,1,3
moniotr,dns,r,A,False,6.8e-05,13,
moniotr,dns,r,A,False,6.9e-05,14,1
moniotr,dns,r,A,False,7e-05,18,1
moniotr,dns,r,A,False,7.1e-05,14,3
moniotr,dns,r,A,False,7.2e-05,15,7
moniotr,dns,r,A,False,7.3e-05,14,13
moniotr,dns,r,A,False,7.4e-05,4,22
moniotr,dns,r,A,False,7.5e-05,5,16
moniotr,dns,r,A,False,7.6e-05,4,12
moniotr,dns,r,A,False,7.7e-05,,15
moniotr,dns,r,A,False,7.8e-05,,4
moniotr,dns,r,A,False,7.9e-05,,3
moniotr,dns,r,A,False,8e-05,,2
moniotr,dns,r,A,False,8.1e-05,,2
moniotr,dns,r,A,False,8.2e-05,,2
moniotr,dns,r,A,False,0.000104,,2
moniotr,dns,r,A,False,0.000105,,1
moniotr,dns,r,A,False,0.000106,,1
moniotr,dns,r,A,False,0.000107,,1
moniotr,dns,r,A,False,0.00011,,4
moniotr,dns,r,A,False,0.000111,3,9
moniotr,dns,r,A,False,0.000112,,11
moniotr,dns,r,A,False,0.000113,,14
moniotr,dns,r,A,False,0.000114,,17
moniotr,dns,r,A,False,0.000115,,8
moniotr,dns,r,A,False,0.000116,,5
moniotr,dns,r,A,False,0.000117,,3
moniotr,dns,r,A,False,0.000118,,7
moniotr,dns,r,A,False,0.000119,,2
moniotr,dns,r,A,False,0.00012,,1
moniotr,dns,r,A,False,0.000123,,1
moniotr,dns,r,A,False,0.000125,,3
moniotr,dns,r,A,False,0.000126,,8
moniotr,dns,r,A,False,0.000127,,6
moniotr,dns,r,A,False,0.000128,,6
moniotr,dns,r,A,False,0.000129,,2
moniotr,dns,r,A,False,0.00013,,5
moniotr,dns,r,A,False,0.000131,,8
moniotr,dns,r,A,False,0.000132,,4
moniotr,dns,r,A,False,0.000133,,1
moniotr,dns,r,A,False,0.000134,,1
moniotr,dns,r,A,False,0.000177,1,
moniotr,dns,r,A,False,0.00018,2,
moniotr,dns,r,A,False,0.000181,1,
moniotr,dns,r,A,False,0.000182,4,
moniotr,dns,r,A,False,0.000183,5,
moniotr,dns,r,A,False,0.000184,8,
moniotr,dns,r,A,False,0.000185,5,
moniotr,dns,r,A,False,0.000186,12,
moniotr,dns,r,A,False,0.000187,10,
moniotr,dns,r,A,False,0.000188,4,
moniotr,dns,r,A,False,0.000189,4,
moniotr,dns,r,A,False,0.00019,5,
moniotr,dns,r,A,False,0.000191,6,
moniotr,dns,r,A,False,0.000192,4,
moniotr,dns,r,A,False,0.000194,4,
moniotr,dns,r,A,False,0.000198,4,
moniotr,dns,r,A,False,0.0002,1,
moniotr,dns,r,A,False,0.000201,1,
moniotr,dns,r,A,False,0.000202,1,
moniotr,dns,r,A,False,0.000204,2,
moniotr,dns,r,A,False,0.000219,1,
moniotr,dns,r,A,False,0.00022,3,
moniotr,dns,r,A,False,0.000221,1,
moniotr,dns,r,A,False,0.000222,9,
moniotr,dns,r,A,False,0.000223,5,
moniotr,dns,r,A,False,0.000224,4,
moniotr,dns,r,A,False,0.000225,3,
moniotr,dns,r,A,False,0.000226,1,
moniotr,dns,r,A,False,0.000227,1,
moniotr,dns,r,A,False,0.00023,1,
moniotr,dns,r,A,False,0.000231,3,
moniotr,dns,r,A,False,0.000232,6,
moniotr,dns,r,A,False,0.000233,4,
moniotr,dns,r,A,False,0.000234,1,
moniotr,dns,r,A,False,0.000236,1,
moniotr,dns,r,AAAA,True,7e-05,,26
moniotr,dns,r,AAAA,True,7.1e-05,,31
moniotr,dns,r,AAAA,True,7.2e-05,,8
moniotr,dns,r,AAAA,True,7.3e-05,,3
moniotr,dns,r,AAAA,True,7.4e-05,,10
moniotr,dns,r,AAAA,True,7.5e-05,,6
moniotr,dns,r,AAAA,True,7.6e-05,,6
moniotr,dns,r,AAAA,True,7.7e-05,,27
moniotr,dns,r,AAAA,True,7.8e-05,,57
moniotr,dns,r,AAAA,True,7.9e-05,,48
moniotr,dns,r,AAAA,True,8e-05,,39
moniotr,dns,r,AAAA,True,8.1e-05,,25
moniotr,dns,r,AAAA,True,8.2e-05,,21
moniotr,dns,r,AAAA,True,8.3e-05,,15
moniotr,dns,r,AAAA,True,8.4e-05,,19
moniotr,dns,r,AAAA,True,8.5e-05,,25
moniotr,dns,r,AAAA,True,8.6e-05,,10
moniotr,dns,r,AAAA,True,8.7e-05,,4
moniotr,dns,r,AAAA,True,8.9e-05,,1
moniotr,dns,r,AAAA,True,9e-05,,1
moniotr,dns,r,AAAA,True,9.4e-05,14,
moniotr,dns,r,AAAA,True,9.5e-05,39,
moniotr,dns,r,AAAA,True,9.6e-05,8,
moniotr,dns,r,AAAA,True,9.7e-05,4,
moniotr,dns,r,AAAA,True,9.8e-05,3,
moniotr,dns,r,AAAA,True,9.9e-05,2,
moniotr,dns,r,AAAA,True,0.000101,7,
moniotr,dns,r,AAAA,True,0.000102,4,
moniotr,dns,r,AAAA,True,0.000103,10,
moniotr,dns,r,AAAA,True,0.000104,24,1
moniotr,dns,r,AAAA,True,0.000105,48,
moniotr,dns,r,AAAA,True,0.000106,37,
moniotr,dns,r,AAAA,True,0.000107,36,
moniotr,dns,r,AAAA,True,0.000108,39,
moniotr,dns,r,AAAA,True,0.000109,18,2
moniotr,dns,r,AAAA,True,0.00011,12,2
moniotr,dns,r,AAAA,True,0.000111,10,4
moniotr,dns,r,AAAA,True,0.000112,11,5
moniotr,dns,r,AAAA,True,0.000113,17,1
moniotr,dns,r,AAAA,True,0.000114,16,
moniotr,dns,r,AAAA,True,0.000115,10,1
moniotr,dns,r,AAAA,True,0.000116,1,1
moniotr,dns,r,AAAA,True,0.000117,3,
moniotr,dns,r,AAAA,True,0.000118,5,
moniotr,dns,r,AAAA,True,0.00012,4,2
moniotr,dns,r,AAAA,True,0.000121,,4
moniotr,dns,r,AAAA,True,0.000122,,2
moniotr,dns,r,AAAA,True,0.000123,1,1
moniotr,dns,r,AAAA,True,0.000124,,2
moniotr,dns,r,AAAA,True,0.000126,,1
moniotr,dns,r,AAAA,True,0.000127,,1
moniotr,dns,r,AAAA,True,0.000129,,1
moniotr,dns,r,AAAA,True,0.000204,1,
moniotr,dns,r,AAAA,True,0.000207,1,
moniotr,dns,r,AAAA,True,0.000208,1,
moniotr,dns,r,AAAA,True,0.000209,3,
moniotr,dns,r,AAAA,True,0.00021,5,
moniotr,dns,r,AAAA,True,0.000211,2,
moniotr,dns,r,AAAA,True,0.000212,1,
moniotr,dns,r,AAAA,True,0.000217,1,
moniotr,dns,r,AAAA,True,0.000218,1,
moniotr,dns,r,AAAA,True,0.000224,1,
moniotr,dns,r,AAAA,True,0.000226,1,
moniotr,dns,r,AAAA,True,0.000228,3,
moniotr,dns,r,AAAA,True,0.000229,1,
moniotr,dns,r,AAAA,True,0.00023,1,
moniotr,dns,r,AAAA,True,0.000232,1,
moniotr,dns,r,AAAA,True,0.000235,1,
moniotr,dns,r,AAAA,True,0.000236,1,
moniotr,dns,r,AAAA,True,0.000237,1,
moniotr,dns,r,AAAA,True,0.000238,1,
moniotr,dns,r,AAAA,True,0.000243,1,
moniotr,dns,r,AAAA,True,0.000246,1,
moniotr,dns,r,AAAA,False,8e-05,1,
moniotr,dns,r,AAAA,False,8.1e-05,3,
moniotr,dns,r,AAAA,False,8.2e-05,2,1
moniotr,dns,r,AAAA,False,8.3e-05,3,
moniotr,dns,r,AAAA,False,8.4e-05,4,1
moniotr,dns,r,AAAA,False,8.5e-05,1,4
moniotr,dns,r,AAAA,False,8.6e-05,3,3
moniotr,dns,r,AAAA,False,8.7e-05,,3
moniotr,dns,r,AAAA,False,8.8e-05,,2
moniotr,dns,r,AAAA,False,8.9e-05,,3
moniotr,dns,r,PTR,True,6.8e-05,,2
moniotr,dns,r,PTR,True,7.7e-05,,2
moniotr,dns,r,PTR,True,7.8e-05,,1
moniotr,dns,r,PTR,True,7.9e-05,,1
moniotr,dns,r,PTR,True,0.00015,1,
moniotr,dns,r,PTR,True,0.00016,1,
moniotr,dns,r,PTR,True,0.000172,1,
moniotr,dns,r,PTR,True,0.000174,2,
moniotr,dns,r,PTR,True,0.000177,1,
yourthings,llmnr,q,PTR,False,2.7e-05,,3
yourthings,llmnr,q,PTR,False,2.8e-05,,37
yourthings,llmnr,q,PTR,False,2.9e-05,,90
yourthings,llmnr,q,PTR,False,3e-05,5,62
yourthings,llmnr,q,PTR,False,3.1e-05,31,30
yourthings,llmnr,q,PTR,False,3.2e-05,87,3
yourthings,llmnr,q,PTR,False,3.3e-05,56,
yourthings,llmnr,q,PTR,False,3.4e-05,35,
yourthings,llmnr,q,PTR,False,3.5e-05,11,
yourthings,mdns,q,A,False,2.4e-05,2,76
yourthings,mdns,q,A,False,2.5e-05,40,354
yourthings,mdns,q,A,False,2.6e-05,327,380
yourthings,mdns,q,A,False,2.7e-05,340,1907
yourthings,mdns,q,A,False,2.8e-05,995,5921
yourthings,mdns,q,A,False,2.9e-05,4811,4646
yourthings,mdns,q,A,False,3e-05,5747,1853
yourthings,mdns,q,A,False,3.1e-05,2708,548
yourthings,mdns,q,A,False,3.2e-05,708,97
yourthings,mdns,q,A,False,3.3e-05,106,12
yourthings,mdns,q,A,False,3.4e-05,15,3
yourthings,mdns,q,A,False,3.5e-05,1,2
yourthings,mdns,q,A,False,3.6e-05,3,1
yourthings,mdns,q,A,False,3.7e-05,1,
yourthings,mdns,q,A,False,3.9e-05,1,
yourthings,mdns,q,A,False,4e-05,,1
yourthings,mdns,q,A,False,4.1e-05,,1
yourthings,mdns,q,A,False,4.2e-05,1,1
yourthings,mdns,q,A,False,4.3e-05,,1
yourthings,mdns,q,A,False,4.6e-05,1,
yourthings,mdns,q,A,False,5.9e-05,,1
yourthings,mdns,q,A,False,6e-05,1,
yourthings,mdns,q,A,False,6.6e-05,,1
yourthings,mdns,q,A,False,7.2e-05,,1
yourthings,mdns,q,A,False,8.8e-05,,1
yourthings,mdns,q,AAAA,False,2.2e-05,11,
yourthings,mdns,q,AAAA,False,2.3e-05,16,10
yourthings,mdns,q,AAAA,False,2.4e-05,13,297
yourthings,mdns,q,AAAA,False,2.5e-05,133,1037
yourthings,mdns,q,AAAA,False,2.6e-05,669,1859
yourthings,mdns,q,AAAA,False,2.7e-05,1366,3989
yourthings,mdns,q,AAAA,False,2.8e-05,2748,3515
yourthings,mdns,q,AAAA,False,2.9e-05,4248,1956
yourthings,mdns,q,AAAA,False,3e-05,2794,627
yourthings,mdns,q,AAAA,False,3.1e-05,1175,177
yourthings,mdns,q,AAAA,False,3.2e-05,267,30
yourthings,mdns,q,AAAA,False,3.3e-05,40,12
yourthings,mdns,q,AAAA,False,3.4e-05,23,4
yourthings,mdns,q,AAAA,False,3.5e-05,12,2
yourthings,mdns,q,AAAA,False,3.6e-05,3,3
yourthings,mdns,q,AAAA,False,3.7e-05,1,
yourthings,mdns,q,AAAA,False,3.8e-05,1,
yourthings,mdns,q,AAAA,False,3.9e-05,,2
yourthings,mdns,q,AAAA,False,4e-05,2,2
yourthings,mdns,q,AAAA,False,4.1e-05,,1
yourthings,mdns,q,AAAA,False,4.2e-05,,4
yourthings,mdns,q,AAAA,False,4.3e-05,,1
yourthings,mdns,q,AAAA,False,4.4e-05,,2
yourthings,mdns,q,AAAA,False,4.5e-05,,18
yourthings,mdns,q,AAAA,False,4.6e-05,,23
yourthings,mdns,q,AAAA,False,4.7e-05,,24
yourthings,mdns,q,AAAA,False,4.8e-05,,28
yourthings,mdns,q,AAAA,False,4.9e-05,,12
yourthings,mdns,q,AAAA,False,5e-05,,9
yourthings,mdns,q,AAAA,False,5.1e-05,,3
yourthings,mdns,q,AAAA,False,6.6e-05,4,
yourthings,mdns,q,AAAA,False,7e-05,16,
yourthings,mdns,q,AAAA,False,7.1e-05,13,
yourthings,mdns,q,AAAA,False,7.2e-05,11,
yourthings,mdns,q,AAAA,False,7.3e-05,9,
yourthings,mdns,q,AAAA,False,7.4e-05,6,
yourthings,mdns,q,AAAA,False,7.5e-05,13,
yourthings,mdns,q,AAAA,False,7.6e-05,27,
yourthings,mdns,q,AAAA,False,7.7e-05,14,
yourthings,mdns,q,AAAA,False,7.8e-05,5,
yourthings,mdns,q,AAAA,False,7.9e-05,1,
yourthings,mdns,q,AAAA,False,8e-05,3,
yourthings,mdns,q,AAAA,False,8.3e-05,1,
yourthings,mdns,q,AAAA,False,8.5e-05,,1
yourthings,mdns,q,AAAA,False,8.8e-05,1,
yourthings,mdns,q,AAAA,False,9.7e-05,1,
yourthings,mdns,q,AAAA,False,0.000133,1,
yourthings,mdns,q,TXT,False,2.4e-05,,3
yourthings,mdns,q,TXT,False,2.5e-05,1,17
yourthings,mdns,q,TXT,False,2.6e-05,8,25
yourthings,mdns,q,TXT,False,2.7e-05,20,63
yourthings,mdns,q,TXT,False,2.8e-05,31,150
yourthings,mdns,q,TXT,False,2.9e-05,88,189
yourthings,mdns,q,TXT,False,3e-05,109,160
yourthings,mdns,q,TXT,False,3.1e-05,115,88
yourthings,mdns,q,TXT,False,3.2e-05,96,101
yourthings,mdns,q,TXT,False,3.3e-05,40,42
yourthings,mdns,q,TXT,False,3.4e-05,63,21
yourthings,mdns,q,TXT,False,3.5e-05,68,4
yourthings,mdns,q,TXT,False,3.6e-05,79,
yourthings,mdns,q,TXT,False,3.7e-05,83,
yourthings,mdns,q,TXT,False,3.8e-05,41,
yourthings,mdns,q,TXT,False,3.9e-05,9,
yourthings,mdns,q,TXT,False,4e-05,9,
yourthings,mdns,q,TXT,False,4.1e-05,4,
yourthings,mdns,q,TXT,False,4.4e-05,,1
yourthings,mdns,q,TXT,False,4.6e-05,,3
yourthings,mdns,q,TXT,False,4.7e-05,,1
yourthings,mdns,q,TXT,False,7.4e-05,2,
yourthings,mdns,q,TXT,False,7.5e-05,2,
yourthings,mdns,q,PTR,False,2.1e-05,1,
yourthings,mdns,q,PTR,False,2.2e-05,10,53
yourthings,mdns,q,PTR,False,2.3e-05,1228,1650
yourthings,mdns,q,PTR,False,2.4e-05,3298,3051
yourthings,mdns,q,PTR,False,2.5e-05,8532,10921
yourthings,mdns,q,PTR,False,2.6e-05,35192,42921
yourthings,mdns,q,PTR,False,2.7e-05,48677,42218
yourthings,mdns,q,PTR,False,2.8e-05,21644,18085
yourthings,mdns,q,PTR,False,2.9e-05,4641,6878
yourthings,mdns,q,PTR,False,3e-05,702,5186
yourthings,mdns,q,PTR,False,3.1e-05,879,3830
yourthings,mdns,q,PTR,False,3.2e-05,3444,1469
yourthings,mdns,q,PTR,False,3.3e-05,4516,396
yourthings,mdns,q,PTR,False,3.4e-05,2914,68
yourthings,mdns,q,PTR,False,3.5e-05,896,25
yourthings,mdns,q,PTR,False,3.6e-05,149,8
yourthings,mdns,q,PTR,False,3.7e-05,33,10
yourthings,mdns,q,PTR,False,3.8e-05,10,13
yourthings,mdns,q,PTR,False,3.9e-05,5,4
yourthings,mdns,q,PTR,False,4e-05,6,515
yourthings,mdns,q,PTR,False,4.1e-05,3,1411
yourthings,mdns,q,PTR,False,4.2e-05,4,1034
yourthings,mdns,q,PTR,False,4.3e-05,,1038
yourthings,mdns,q,PTR,False,4.4e-05,1,2076
yourthings,mdns,q,PTR,False,4.5e-05,3,6175
yourthings,mdns,q,PTR,False,4.6e-05,,18272
yourthings,mdns,q,PTR,False,4.7e-05,3,19965
yourthings,mdns,q,PTR,False,4.8e-05,2,12079
yourthings,mdns,q,PTR,False,4.9e-05,,7891
yourthings,mdns,q,PTR,False,5e-05,1,3561
yourthings,mdns,q,PTR,False,5.1e-05,1,1871
yourthings,mdns,q,PTR,False,5.2e-05,,1081
yourthings,mdns,q,PTR,False,5.3e-05,1,420
yourthings,mdns,q,PTR,False,5.4e-05,1,133
yourthings,mdns,q,PTR,False,5.5e-05,3,50
yourthings,mdns,q,PTR,False,5.6e-05,,19
yourthings,mdns,q,PTR,False,5.7e-05,3,21
yourthings,mdns,q,PTR,False,5.8e-05,,9
yourthings,mdns,q,PTR,False,5.9e-05,,7
yourthings,mdns,q,PTR,False,6e-05,1,14
yourthings,mdns,q,PTR,False,6.1e-05,3,6
yourthings,mdns,q,PTR,False,6.2e-05,47,3
yourthings,mdns,q,PTR,False,6.3e-05,800,9
yourthings,mdns,q,PTR,False,6.4e-05,1115,6
yourthings,mdns,q,PTR,False,6.5e-05,598,5
yourthings,mdns,q,PTR,False,6.6e-05,470,3
yourthings,mdns,q,PTR,False,6.7e-05,660,2
yourthings,mdns,q,PTR,False,6.8e-05,905,3
yourthings,mdns,q,PTR,False,6.9e-05,1628,2
yourthings,mdns,q,PTR,False,7e-05,3460,2
yourthings,mdns,q,PTR,False,7.1e-05,8305,2
yourthings,mdns,q,PTR,False,7.2e-05,13840,1
yourthings,mdns,q,PTR,False,7.3e-05,14295,2
yourthings,mdns,q,PTR,False,7.4e-05,9545,2
yourthings,mdns,q,PTR,False,7.5e-05,6964,1
yourthings,mdns,q,PTR,False,7.6e-05,5489,
yourthings,mdns,q,PTR,False,7.7e-05,3509,
yourthings,mdns,q,PTR,False,7.8e-05,2053,
yourthings,mdns,q,PTR,False,7.9e-05,1375,
yourthings,mdns,q,PTR,False,8e-05,1158,
yourthings,mdns,q,PTR,False,8.1e-05,722,1
yourthings,mdns,q,PTR,False,8.2e-05,363,1
yourthings,mdns,q,PTR,False,8.3e-05,156,1
yourthings,mdns,q,PTR,False,8.4e-05,74,1
yourthings,mdns,q,PTR,False,8.5e-05,42,
yourthings,mdns,q,PTR,False,8.6e-05,24,
yourthings,mdns,q,PTR,False,8.7e-05,22,
yourthings,mdns,q,PTR,False,8.8e-05,8,
yourthings,mdns,q,PTR,False,8.9e-05,9,
yourthings,mdns,q,PTR,False,9e-05,5,
yourthings,mdns,q,PTR,False,9.1e-05,,1
yourthings,mdns,q,PTR,False,9.2e-05,4,2
yourthings,mdns,q,PTR,False,9.3e-05,3,
yourthings,mdns,q,PTR,False,9.4e-05,5,2
yourthings,mdns,q,PTR,False,9.5e-05,1,
yourthings,mdns,q,PTR,False,9.6e-05,3,1
yourthings,mdns,q,PTR,False,9.8e-05,2,2
yourthings,mdns,q,PTR,False,9.9e-05,3,1
yourthings,mdns,q,PTR,False,0.000101,5,
yourthings,mdns,q,PTR,False,0.000102,5,
yourthings,mdns,q,PTR,False,0.000103,2,
yourthings,mdns,q,PTR,False,0.000104,,1
yourthings,mdns,q,PTR,False,0.000105,1,
yourthings,mdns,q,PTR,False,0.000106,,2
yourthings,mdns,q,PTR,False,0.000107,1,
yourthings,mdns,q,PTR,False,0.000109,1,
yourthings,mdns,q,PTR,False,0.00011,,2
yourthings,mdns,q,PTR,False,0.000111,,1
yourthings,mdns,q,PTR,False,0.000113,,1
yourthings,mdns,q,PTR,False,0.000114,2,
yourthings,mdns,q,PTR,False,0.000117,1,1
yourthings,mdns,q,PTR,False,0.000118,1,
yourthings,mdns,q,PTR,False,0.000119,1,
yourthings,mdns,q,PTR,False,0.00012,3,
yourthings,mdns,q,PTR,False,0.000123,,1
yourthings,mdns,q,PTR,False,0.000126,,1
yourthings,mdns,q,PTR,False,0.000127,1,1
yourthings,mdns,q,PTR,False,0.000128,,1
yourthings,mdns,q,PTR,False,0.000129,1,
yourthings,mdns,q,PTR,False,0.000134,3,1
yourthings,mdns,q,PTR,False,0.000135,1,
yourthings,mdns,q,PTR,False,0.000137,1,1
yourthings,mdns,q,PTR,False,0.00014,1,1
yourthings,mdns,q,PTR,False,0.000141,1,
yourthings,mdns,q,PTR,False,0.000142,1,
yourthings,mdns,q,PTR,False,0.000144,1,
yourthings,mdns,q,PTR,False,0.000146,,1
yourthings,mdns,q,PTR,False,0.000148,1,1
yourthings,mdns,q,PTR,False,0.000151,1,1
yourthings,mdns,q,PTR,False,0.000153,,1
yourthings,mdns,q,PTR,False,0.000156,1,
yourthings,mdns,q,PTR,False,0.000159,1,
yourthings,mdns,q,PTR,False,0.000162,1,
yourthings,mdns,q,PTR,False,0.00017,1,1
yourthings,mdns,q,PTR,False,0.000173,1,
yourthings,mdns,q,PTR,False,0.000174,,1
yourthings,mdns,q,PTR,False,0.000176,1,
yourthings,mdns,q,PTR,False,0.000178,1,
yourthings,mdns,q,PTR,False,0.000181,,1
yourthings,mdns,q,PTR,False,0.000184,1,
yourthings,mdns,q,PTR,False,0.000188,1,
yourthings,mdns,q,PTR,False,0.000209,,1
yourthings,mdns,q,PTR,False,0.00021,,1
yourthings,mdns,q,PTR,False,0.000211,,1
yourthings,mdns,q,PTR,False,0.000232,1,
yourthings,mdns,q,PTR,False,0.000237,1,
yourthings,mdns,q,PTR,False,0.000255,,1
yourthings,mdns,q,HINFO,False,2.2e-05,5,
yourthings,mdns,q,HINFO,False,2.3e-05,4,
yourthings,mdns,q,HINFO,False,2.4e-05,9,2
yourthings,mdns,q,HINFO,False,2.5e-05,10,7
yourthings,mdns,q,HINFO,False,2.6e-05,2,11
yourthings,mdns,q,HINFO,False,2.7e-05,3,8
yourthings,mdns,q,HINFO,False,2.8e-05,2,7
yourthings,mdns,q,HINFO,False,2.9e-05,3,3
yourthings,mdns,q,ANY,False,4.1e-05,,5
yourthings,mdns,q,ANY,False,4.2e-05,,1
yourthings,mdns,q,ANY,False,4.4e-05,,4
yourthings,mdns,q,ANY,False,4.5e-05,,4
yourthings,mdns,q,ANY,False,4.6e-05,,16
yourthings,mdns,q,ANY,False,4.7e-05,,24
yourthings,mdns,q,ANY,False,4.8e-05,,13
yourthings,mdns,q,ANY,False,4.9e-05,,16
yourthings,mdns,q,ANY,False,5e-05,,19
yourthings,mdns,q,ANY,False,5.1e-05,,6
yourthings,mdns,q,ANY,False,5.9e-05,6,
yourthings,mdns,q,ANY,False,6.2e-05,2,
yourthings,mdns,q,ANY,False,6.3e-05,1,
yourthings,mdns,q,ANY,False,6.4e-05,3,7
yourthings,mdns,q,ANY,False,6.5e-05,5,3
yourthings,mdns,q,ANY,False,6.6e-05,26,2
yourthings,mdns,q,ANY,False,6.7e-05,12,
yourthings,mdns,q,ANY,False,6.8e-05,9,
yourthings,mdns,q,ANY,False,6.9e-05,15,
yourthings,mdns,q,ANY,False,7e-05,5,
yourthings,mdns,q,ANY,False,7.1e-05,7,
yourthings,mdns,q,ANY,False,7.2e-05,6,
yourthings,mdns,q,ANY,False,7.3e-05,6,
yourthings,mdns,q,ANY,False,7.4e-05,5,
yourthings,mdns,q,ANY,False,0.000106,1,
yourthings,mdns,q,ANY,False,0.000107,1,
yourthings,mdns,q,ANY,False,0.000108,7,
yourthings,mdns,q,ANY,False,0.000109,1,
yourthings,mdns,q,ANY,False,0.00011,2,
yourthings,mdns,q,SRV,False,2.4e-05,,7
yourthings,mdns,q,SRV,False,2.5e-05,1,30
yourthings,mdns,q,SRV,False,2.6e-05,25,64
yourthings,mdns,q,SRV,False,2.7e-05,51,195
yourthings,mdns,q,SRV,False,2.8e-05,133,421
yourthings,mdns,q,SRV,False,2.9e-05,291,548
yourthings,mdns,q,SRV,False,3e-05,229,907
yourthings,mdns,q,SRV,False,3.1e-05,79,2236
yourthings,mdns,q,SRV,False,3.2e-05,61,4386
yourthings,mdns,q,SRV,False,3.3e-05,141,7357
yourthings,mdns,q,SRV,False,3.4e-05,226,7161
yourthings,mdns,q,SRV,False,3.5e-05,539,3802
yourthings,mdns,q,SRV,False,3.6e-05,1811,1438
yourthings,mdns,q,SRV,False,3.7e-05,2923,394
yourthings,mdns,q,SRV,False,3.8e-05,3123,80
yourthings,mdns,q,SRV,False,3.9e-05,3381,6
yourthings,mdns,q,SRV,False,4e-05,5597,4
yourthings,mdns,q,SRV,False,4.1e-05,5479,3
yourthings,mdns,q,SRV,False,4.2e-05,3262,1
yourthings,mdns,q,SRV,False,4.3e-05,1261,3
yourthings,mdns,q,SRV,False,4.4e-05,330,
yourthings,mdns,q,SRV,False,4.5e-05,69,
yourthings,mdns,q,SRV,False,4.6e-05,14,2
yourthings,mdns,q,SRV,False,4.7e-05,6,1
yourthings,mdns,q,SRV,False,4.8e-05,1,1
yourthings,mdns,q,SRV,False,4.9e-05,1,6
yourthings,mdns,q,SRV,False,5e-05,3,8
yourthings,mdns,q,SRV,False,5.1e-05,4,
yourthings,mdns,q,SRV,False,5.2e-05,2,
yourthings,mdns,q,SRV,False,5.3e-05,2,
yourthings,mdns,q,SRV,False,5.4e-05,2,2
yourthings,mdns,q,SRV,False,5.5e-05,1,3
yourthings,mdns,q,SRV,False,5.6e-05,1,
yourthings,mdns,q,SRV,False,5.9e-05,1,
yourthings,mdns,q,SRV,False,6.6e-05,1,
yourthings,mdns,q,SRV,False,7.7e-05,4,1
yourthings,mdns,q,SRV,False,7.8e-05,3,
yourthings,mdns,q,SRV,False,7.9e-05,3,
yourthings,mdns,q,SRV,False,8e-05,3,
yourthings,mdns,q,SRV,False,8.2e-05,1,
yourthings,mdns,q,SRV,False,8.5e-05,2,
yourthings,mdns,q,SRV,False,8.6e-05,1,
yourthings,mdns,q,SRV,False,9e-05,1,
yourthings,mdns,q,SRV,False,9.3e-05,1,
yourthings,mdns,q,SRV,False,9.4e-05,,1
yourthings,mdns,q,SRV,False,0.000127,,1
yourthings,mdns,q,SRV,False,0.000128,,1
yourthings,mdns,r,PTR,True,6.8e-05,,2
yourthings,mdns,r,PTR,True,7e-05,,3
yourthings,mdns,r,PTR,True,7.1e-05,,1
yourthings,mdns,r,PTR,True,7.2e-05,,2
yourthings,mdns,r,PTR,True,7.3e-05,,6
yourthings,mdns,r,PTR,True,7.4e-05,,1
yourthings,mdns,r,PTR,True,7.5e-05,,4
yourthings,mdns,r,PTR,True,7.6e-05,,2
yourthings,mdns,r,PTR,True,7.8e-05,,1
yourthings,mdns,r,PTR,True,7.9e-05,,1
yourthings,mdns,r,PTR,True,8e-05,,1
yourthings,mdns,r,PTR,True,0.000152,2,
yourthings,mdns,r,PTR,True,0.000154,1,
yourthings,mdns,r,PTR,True,0.000155,1,
yourthings,mdns,r,PTR,True,0.000156,3,
yourthings,mdns,r,PTR,True,0.000158,2,
yourthings,mdns,r,PTR,True,0.00016,1,
yourthings,mdns,r,PTR,True,0.000161,3,
yourthings,mdns,r,PTR,True,0.000162,2,
yourthings,mdns,r,PTR,True,0.000163,1,
yourthings,mdns,r,PTR,True,0.000164,2,
yourthings,mdns,r,PTR,True,0.000166,2,
yourthings,mdns,r,PTR,True,0.000168,1,
yourthings,mdns,r,PTR,True,0.000173,2,
yourthings,mdns,r,PTR,True,0.000176,1,
yourthings,dns,q,A,False,1.7e-05,2,
yourthings,dns,q,A,False,1.8e-05,20,
yourthings,dns,q,A,False,1.9e-05,169,
yourthings,dns,q,A,False,2e-05,193,
yourthings,dns,q,A,False,2.1e-05,933,14
yourthings,dns,q,A,False,2.2e-05,3979,201
yourthings,dns,q,A,False,2.3e-05,12241,3323
yourthings,dns,q,A,False,2.4e-05,48627,8999
yourthings,dns,q,A,False,2.5e-05,97317,33668
yourthings,dns,q,A,False,2.6e-05,110462,109494
yourthings,dns,q,A,False,2.7e-05,90646,153565
yourthings,dns,q,A,False,2.8e-05,56997,106796
yourthings,dns,q,A,False,2.9e-05,28935,50619
yourthings,dns,q,A,False,3e-05,16318,29276
yourthings,dns,q,A,False,3.1e-05,10537,42878
yourthings,dns,q,A,False,3.2e-05,6001,23955
yourthings,dns,q,A,False,3.3e-05,6788,9697
yourthings,dns,q,A,False,3.4e-05,17437,3272
yourthings,dns,q,A,False,3.5e-05,36786,1010
yourthings,dns,q,A,False,3.6e-05,22408,302
yourthings,dns,q,A,False,3.7e-05,6951,123
yourthings,dns,q,A,False,3.8e-05,2189,64
yourthings,dns,q,A,False,3.9e-05,643,32
yourthings,dns,q,A,False,4e-05,243,15
yourthings,dns,q,A,False,4.1e-05,161,18
yourthings,dns,q,A,False,4.2e-05,119,26
yourthings,dns,q,A,False,4.3e-05,110,11
yourthings,dns,q,A,False,4.4e-05,86,14
yourthings,dns,q,A,False,4.5e-05,40,9
yourthings,dns,q,A,False,4.6e-05,17,9
yourthings,dns,q,A,False,4.7e-05,10,9
yourthings,dns,q,A,False,4.8e-05,9,2
yourthings,dns,q,A,False,4.9e-05,9,3
yourthings,dns,q,A,False,5e-05,2,3
yourthings,dns,q,A,False,5.1e-05,1,2
yourthings,dns,q,A,False,5.2e-05,1,1
yourthings,dns,q,A,False,5.3e-05,,1
yourthings,dns,q,A,False,5.4e-05,4,3
yourthings,dns,q,A,False,5.5e-05,,1
yourthings,dns,q,A,False,5.6e-05,1,2
yourthings,dns,q,A,False,5.7e-05,1,1
yourthings,dns,q,A,False,5.8e-05,2,2
yourthings,dns,q,A,False,5.9e-05,3,3
yourthings,dns,q,A,False,6e-05,7,1
yourthings,dns,q,A,False,6.1e-05,3,
yourthings,dns,q,A,False,6.2e-05,5,
yourthings,dns,q,A,False,6.3e-05,2,2
yourthings,dns,q,A,False,6.4e-05,3,1
yourthings,dns,q,A,False,6.5e-05,3,1
yourthings,dns,q,A,False,6.6e-05,3,1
yourthings,dns,q,A,False,6.7e-05,3,
yourthings,dns,q,A,False,6.8e-05,3,1
yourthings,dns,q,A,False,6.9e-05,3,
yourthings,dns,q,A,False,7e-05,2,1
yourthings,dns,q,A,False,7.1e-05,,2
yourthings,dns,q,A,False,7.3e-05,,1
yourthings,dns,q,A,False,7.4e-05,1,
yourthings,dns,q,A,False,7.5e-05,1,
yourthings,dns,q,A,False,7.6e-05,1,1
yourthings,dns,q,A,False,7.7e-05,1,1
yourthings,dns,q,A,False,7.8e-05,1,1
yourthings,dns,q,A,False,7.9e-05,1,
yourthings,dns,q,A,False,8e-05,2,2
yourthings,dns,q,A,False,8.1e-05,3,1
yourthings,dns,q,A,False,8.2e-05,2,1
yourthings,dns,q,A,False,8.4e-05,2,1
yourthings,dns,q,A,False,8.5e-05,1,1
yourthings,dns,q,A,False,8.6e-05,1,1
yourthings,dns,q,A,False,8.7e-05,3,1
yourthings,dns,q,A,False,8.9e-05,,1
yourthings,dns,q,A,False,9e-05,1,1
yourthings,dns,q,A,False,9.1e-05,1,3
yourthings,dns,q,A,False,9.2e-05,,1
yourthings,dns,q,A,False,9.3e-05,1,
yourthings,dns,q,A,False,9.5e-05,2,3
yourthings,dns,q,A,False,9.6e-05,,1
yourthings,dns,q,A,False,9.7e-05,1,
yourthings,dns,q,A,False,9.9e-05,1,
yourthings,dns,q,A,False,0.0001,1,
yourthings,dns,q,A,False,0.000101,1,
yourthings,dns,q,A,False,0.000102,,1
yourthings,dns,q,A,False,0.000103,2,
yourthings,dns,q,A,False,0.000104,,2
yourthings,dns,q,A,False,0.000106,1,2
yourthings,dns,q,A,False,0.000108,,1
yourthings,dns,q,A,False,0.000109,1,
yourthings,dns,q,A,False,0.000111,,1
yourthings,dns,q,A,False,0.000112,,1
yourthings,dns,q,A,False,0.00012,,1
yourthings,dns,q,A,False,0.000122,1,
yourthings,dns,q,A,False,0.000128,,1
yourthings,dns,q,A,False,0.00013,,1
yourthings,dns,q,A,False,0.000137,,1
yourthings,dns,q,A,False,0.00014,1,
yourthings,dns,q,A,False,0.000145,,1
yourthings,dns,q,A,False,0.000146,,1
yourthings,dns,q,A,False,0.000149,,1
yourthings,dns,q,A,False,0.000152,,1
yourthings,dns,q,A,False,0.000155,,1
yourthings,dns,q,A,False,0.000159,1,1
yourthings,dns,q,A,False,0.000188,1,1
yourthings,dns,q,A,False,0.000189,1,
yourthings,dns,q,A,False,0.00019,1,
yourthings,dns,q,A,False,0.000242,1,
yourthings,dns,q,A,False,0.000286,,1
yourthings,dns,q,AAAA,False,1.7e-05,8,
yourthings,dns,q,AAAA,False,1.8e-05,12,
yourthings,dns,q,AAAA,False,1.9e-05,16,
yourthings,dns,q,AAAA,False,2e-05,16,
yourthings,dns,q,AAAA,False,2.1e-05,831,4
yourthings,dns,q,AAAA,False,2.2e-05,2670,594
yourthings,dns,q,AAAA,False,2.3e-05,8910,2539
yourthings,dns,q,AAAA,False,2.4e-05,35734,5885
yourthings,dns,q,AAAA,False,2.5e-05,50417,30198
yourthings,dns,q,AAAA,False,2.6e-05,30380,55572
yourthings,dns,q,AAAA,False,2.7e-05,13392,40416
yourthings,dns,q,AAAA,False,2.8e-05,9685,20711
yourthings,dns,q,AAAA,False,2.9e-05,8388,8184
yourthings,dns,q,AAAA,False,3e-05,4389,2347
yourthings,dns,q,AAAA,False,3.1e-05,1400,713
yourthings,dns,q,AAAA,False,3.2e-05,533,292
yourthings,dns,q,AAAA,False,3.3e-05,217,172
yourthings,dns,q,AAAA,False,3.4e-05,87,147
yourthings,dns,q,AAAA,False,3.5e-05,154,128
yourthings,dns,q,AAAA,False,3.6e-05,145,97
yourthings,dns,q,AAAA,False,3.7e-05,139,41
yourthings,dns,q,AAAA,False,3.8e-05,88,10
yourthings,dns,q,AAAA,False,3.9e-05,52,9
yourthings,dns,q,AAAA,False,4e-05,69,5
yourthings,dns,q,AAAA,False,4.1e-05,92,3
yourthings,dns,q,AAAA,False,4.2e-05,102,4
yourthings,dns,q,AAAA,False,4.3e-05,77,1
yourthings,dns,q,AAAA,False,4.4e-05,39,
yourthings,dns,q,AAAA,False,4.5e-05,17,4
yourthings,dns,q,AAAA,False,4.6e-05,3,
yourthings,dns,q,AAAA,False,4.7e-05,3,
yourthings,dns,q,AAAA,False,4.8e-05,4,
yourthings,dns,q,AAAA,False,4.9e-05,,1
yourthings,dns,q,AAAA,False,5.6e-05,1,
yourthings,dns,q,AAAA,False,5.7e-05,,1
yourthings,dns,q,AAAA,False,6e-05,1,
yourthings,dns,q,AAAA,False,6.1e-05,2,1
yourthings,dns,q,AAAA,False,6.6e-05,3,
yourthings,dns,q,AAAA,False,6.7e-05,1,
yourthings,dns,q,AAAA,False,6.8e-05,2,
yourthings,dns,q,AAAA,False,7.1e-05,2,
yourthings,dns,q,AAAA,False,7.4e-05,1,
yourthings,dns,q,AAAA,False,7.5e-05,1,1
yourthings,dns,q,AAAA,False,8e-05,1,
yourthings,dns,q,AAAA,False,8.2e-05,1,
yourthings,dns,q,AAAA,False,8.3e-05,1,1
yourthings,dns,q,AAAA,False,8.4e-05,,1
yourthings,dns,q,AAAA,False,8.7e-05,,1
yourthings,dns,q,AAAA,False,9.3e-05,1,
yourthings,dns,q,AAAA,False,9.4e-05,,2
yourthings,dns,q,AAAA,False,9.5e-05,,1
yourthings,dns,q,AAAA,False,9.7e-05,1,2
yourthings,dns,q,AAAA,False,0.0001,1,
yourthings,dns,q,AAAA,False,0.000101,,1
yourthings,dns,q,AAAA,False,0.000107,,1
yourthings,dns,q,AAAA,False,0.000113,1,
yourthings,dns,q,AAAA,False,0.000114,1,
yourthings,dns,q,AAAA,False,0.000186,,1
yourthings,dns,q,TXT,False,2.1e-05,1,
yourthings,dns,q,TXT,False,2.2e-05,33,
yourthings,dns,q,TXT,False,2.3e-05,71,4
yourthings,dns,q,TXT,False,2.4e-05,67,19
yourthings,dns,q,TXT,False,2.5e-05,32,75
yourthings,dns,q,TXT,False,2.6e-05,13,66
yourthings,dns,q,TXT,False,2.7e-05,3,51
yourthings,dns,q,TXT,False,2.8e-05,19,49
yourthings,dns,q,TXT,False,2.9e-05,40,47
yourthings,dns,q,TXT,False,3e-05,39,18
yourthings,dns,q,TXT,False,3.1e-05,18,10
yourthings,dns,q,TXT,False,3.2e-05,3,
yourthings,dns,q,PTR,False,2.5e-05,,2
yourthings,dns,q,PTR,False,2.6e-05,,49
yourthings,dns,q,PTR,False,2.7e-05,,154
yourthings,dns,q,PTR,False,2.8e-05,31,291
yourthings,dns,q,PTR,False,2.9e-05,111,1606
yourthings,dns,q,PTR,False,3e-05,156,3942
yourthings,dns,q,PTR,False,3.1e-05,600,3191
yourthings,dns,q,PTR,False,3.2e-05,2366,1296
yourthings,dns,q,PTR,False,3.3e-05,3748,439
yourthings,dns,q,PTR,False,3.4e-05,2765,247
yourthings,dns,q,PTR,False,3.5e-05,928,148
yourthings,dns,q,PTR,False,3.6e-05,205,61
yourthings,dns,q,PTR,False,3.7e-05,43,25
yourthings,dns,q,PTR,False,3.8e-05,7,4
yourthings,dns,q,PTR,False,3.9e-05,19,5
yourthings,dns,q,PTR,False,4e-05,63,2
yourthings,dns,q,PTR,False,4.1e-05,153,1
yourthings,dns,q,PTR,False,4.2e-05,128,1
yourthings,dns,q,PTR,False,4.3e-05,103,2
yourthings,dns,q,PTR,False,4.4e-05,26,
yourthings,dns,q,PTR,False,4.5e-05,7,
yourthings,dns,q,PTR,False,4.6e-05,1,
yourthings,dns,q,PTR,False,4.7e-05,2,
yourthings,dns,q,PTR,False,4.8e-05,2,1
yourthings,dns,q,PTR,False,4.9e-05,1,
yourthings,dns,q,PTR,False,5.1e-05,1,
yourthings,dns,q,PTR,False,5.6e-05,1,
yourthings,dns,q,PTR,False,0.000146,,1
yourthings,dns,q,PTR,False,0.000154,1,
yourthings,dns,q,SRV,False,2.7e-05,,1
yourthings,dns,q,SRV,False,2.8e-05,,5
yourthings,dns,q,SRV,False,2.9e-05,,12
yourthings,dns,q,SRV,False,3e-05,3,28
yourthings,dns,q,SRV,False,3.1e-05,6,23
yourthings,dns,q,SRV,False,3.2e-05,15,15
yourthings,dns,q,SRV,False,3.3e-05,20,5
yourthings,dns,q,SRV,False,3.4e-05,16,1
yourthings,dns,q,SRV,False,3.5e-05,12,
yourthings,dns,q,SRV,False,3.6e-05,14,
yourthings,dns,q,SRV,False,3.7e-05,3,
yourthings,dns,q,SRV,False,3.9e-05,1,
yourthings,dns,r,A,True,2.9e-05,,8
yourthings,dns,r,A,True,3e-05,,11
yourthings,dns,r,A,True,3.1e-05,,14
yourthings,dns,r,A,True,3.2e-05,,56
yourthings,dns,r,A,True,3.3e-05,,115
yourthings,dns,r,A,True,3.4e-05,,123
yourthings,dns,r,A,True,3.5e-05,,62
yourthings,dns,r,A,True,3.6e-05,,40
yourthings,dns,r,A,True,3.7e-05,,10
yourthings,dns,r,A,True,3.8e-05,,4
yourthings,dns,r,A,True,3.9e-05,,1
yourthings,dns,r,A,True,4.1e-05,,1
yourthings,dns,r,A,True,4.2e-05,,1
yourthings,dns,r,A,True,4.3e-05,1,
yourthings,dns,r,A,True,4.4e-05,1,
yourthings,dns,r,A,True,4.5e-05,3,
yourthings,dns,r,A,True,4.6e-05,6,
yourthings,dns,r,A,True,4.7e-05,1,
yourthings,dns,r,A,True,4.8e-05,6,
yourthings,dns,r,A,True,4.9e-05,21,
yourthings,dns,r,A,True,5e-05,13,
yourthings,dns,r,A,True,5.1e-05,7,
yourthings,dns,r,A,True,5.2e-05,7,
yourthings,dns,r,A,True,5.3e-05,22,
yourthings,dns,r,A,True,5.4e-05,38,
yourthings,dns,r,A,True,5.5e-05,77,
yourthings,dns,r,A,True,5.6e-05,102,1
yourthings,dns,r,A,True,5.7e-05,46,13
yourthings,dns,r,A,True,5.8e-05,41,123
yourthings,dns,r,A,True,5.9e-05,17,282
yourthings,dns,r,A,True,6e-05,10,276
yourthings,dns,r,A,True,6.1e-05,6,274
yourthings,dns,r,A,True,6.2e-05,2,386
yourthings,dns,r,A,True,6.3e-05,2,615
yourthings,dns,r,A,True,6.4e-05,2,1614
yourthings,dns,r,A,True,6.5e-05,6,3971
yourthings,dns,r,A,True,6.6e-05,1,6140
yourthings,dns,r,A,True,6.7e-05,2,7293
yourthings,dns,r,A,True,6.8e-05,,7026
yourthings,dns,r,A,True,6.9e-05,1,6190
yourthings,dns,r,A,True,7e-05,,4890
yourthings,dns,r,A,True,7.1e-05,1,3737
yourthings,dns,r,A,True,7.2e-05,1,2730
yourthings,dns,r,A,True,7.3e-05,,1945
yourthings,dns,r,A,True,7.4e-05,,1252
yourthings,dns,r,A,True,7.5e-05,,644
yourthings,dns,r,A,True,7.6e-05,1,370
yourthings,dns,r,A,True,7.7e-05,,204
yourthings,dns,r,A,True,7.8e-05,2,110
yourthings,dns,r,A,True,7.9e-05,,72
yourthings,dns,r,A,True,8e-05,,44
yourthings,dns,r,A,True,8.1e-05,1,13
yourthings,dns,r,A,True,8.2e-05,29,10
yourthings,dns,r,A,True,8.3e-05,124,9
yourthings,dns,r,A,True,8.4e-05,182,11
yourthings,dns,r,A,True,8.5e-05,165,7
yourthings,dns,r,A,True,8.6e-05,186,6
yourthings,dns,r,A,True,8.7e-05,205,6
yourthings,dns,r,A,True,8.8e-05,219,6
yourthings,dns,r,A,True,8.9e-05,270,18
yourthings,dns,r,A,True,9e-05,428,12
yourthings,dns,r,A,True,9.1e-05,795,27
yourthings,dns,r,A,True,9.2e-05,1767,27
yourthings,dns,r,A,True,9.3e-05,3032,38
yourthings,dns,r,A,True,9.4e-05,4354,38
yourthings,dns,r,A,True,9.5e-05,4885,41
yourthings,dns,r,A,True,9.6e-05,4934,81
yourthings,dns,r,A,True,9.7e-05,4716,70
yourthings,dns,r,A,True,9.8e-05,4232,108
yourthings,dns,r,A,True,9.9e-05,3759,103
yourthings,dns,r,A,True,0.0001,3172,80
yourthings,dns,r,A,True,0.000101,2597,88
yourthings,dns,r,A,True,0.000102,2212,90
yourthings,dns,r,A,True,0.000103,1819,152
yourthings,dns,r,A,True,0.000104,1539,136
yourthings,dns,r,A,True,0.000105,1217,190
yourthings,dns,r,A,True,0.000106,953,327
yourthings,dns,r,A,True,0.000107,704,625
yourthings,dns,r,A,True,0.000108,470,1082
yourthings,dns,r,A,True,0.000109,373,1541
yourthings,dns,r,A,True,0.00011,245,2006
yourthings,dns,r,A,True,0.000111,183,2301
yourthings,dns,r,A,True,0.000112,148,2361
yourthings,dns,r,A,True,0.000113,94,2196
yourthings,dns,r,A,True,0.000114,59,1935
yourthings,dns,r,A,True,0.000115,43,1681
yourthings,dns,r,A,True,0.000116,35,1416
yourthings,dns,r,A,True,0.000117,21,1104
yourthings,dns,r,A,True,0.000118,19,837
yourthings,dns,r,A,True,0.000119,12,588
yourthings,dns,r,A,True,0.00012,8,427
yourthings,dns,r,A,True,0.000121,8,346
yourthings,dns,r,A,True,0.000122,4,231
yourthings,dns,r,A,True,0.000123,2,148
yourthings,dns,r,A,True,0.000124,5,85
yourthings,dns,r,A,True,0.000125,2,52
yourthings,dns,r,A,True,0.000126,6,27
yourthings,dns,r,A,True,0.000127,2,21
yourthings,dns,r,A,True,0.000128,5,18
yourthings,dns,r,A,True,0.000129,5,14
yourthings,dns,r,A,True,0.00013,6,4
yourthings,dns,r,A,True,0.000131,10,6
yourthings,dns,r,A,True,0.000132,15,8
yourthings,dns,r,A,True,0.000133,19,4
yourthings,dns,r,A,True,0.000134,21,2
yourthings,dns,r,A,True,0.000135,25,5
yourthings,dns,r,A,True,0.000136,27,1
yourthings,dns,r,A,True,0.000137,30,1
yourthings,dns,r,A,True,0.000138,34,2
yourthings,dns,r,A,True,0.000139,28,1
yourthings,dns,r,A,True,0.00014,29,
yourthings,dns,r,A,True,0.000141,29,1
yourthings,dns,r,A,True,0.000142,22,
yourthings,dns,r,A,True,0.000143,29,4
yourthings,dns,r,A,True,0.000144,29,
yourthings,dns,r,A,True,0.000145,15,
yourthings,dns,r,A,True,0.000146,17,
yourthings,dns,r,A,True,0.000147,14,1
yourthings,dns,r,A,True,0.000148,12,2
yourthings,dns,r,A,True,0.000149,13,
yourthings,dns,r,A,True,0.00015,12,1
yourthings,dns,r,A,True,0.000151,10,1
yourthings,dns,r,A,True,0.000152,6,2
yourthings,dns,r,A,True,0.000153,6,
yourthings,dns,r,A,True,0.000154,3,1
yourthings,dns,r,A,True,0.000155,2,1
yourthings,dns,r,A,True,0.000156,1,
yourthings,dns,r,A,True,0.000157,1,
yourthings,dns,r,A,True,0.000159,2,
yourthings,dns,r,A,True,0.000161,1,
yourthings,dns,r,A,True,0.000165,,1
yourthings,dns,r,A,True,0.000167,1,
yourthings,dns,r,A,True,0.000168,1,
yourthings,dns,r,A,True,0.000169,1,1
yourthings,dns,r,A,True,0.00017,1,
yourthings,dns,r,A,True,0.000173,1,
yourthings,dns,r,A,True,0.000174,1,
yourthings,dns,r,A,True,0.000175,,1
yourthings,dns,r,A,True,0.000176,1,
yourthings,dns,r,A,True,0.000177,1,
yourthings,dns,r,A,True,0.000186,1,
yourthings,dns,r,A,True,0.000188,1,
yourthings,dns,r,A,True,0.000189,1,
yourthings,dns,r,A,True,0.00019,1,
yourthings,dns,r,A,True,0.000192,2,
yourthings,dns,r,A,True,0.000193,2,
yourthings,dns,r,A,True,0.000194,10,
yourthings,dns,r,A,True,0.000195,20,
yourthings,dns,r,A,True,0.000196,24,
yourthings,dns,r,A,True,0.000197,34,
yourthings,dns,r,A,True,0.000198,36,
yourthings,dns,r,A,True,0.000199,45,
yourthings,dns,r,A,True,0.0002,29,
yourthings,dns,r,A,True,0.000201,28,
yourthings,dns,r,A,True,0.000202,48,1
yourthings,dns,r,A,True,0.000203,52,
yourthings,dns,r,A,True,0.000204,71,
yourthings,dns,r,A,True,0.000205,79,
yourthings,dns,r,A,True,0.000206,62,
yourthings,dns,r,A,True,0.000207,64,
yourthings,dns,r,A,True,0.000208,48,
yourthings,dns,r,A,True,0.000209,77,
yourthings,dns,r,A,True,0.00021,84,
yourthings,dns,r,A,True,0.000211,84,
yourthings,dns,r,A,True,0.000212,94,1
yourthings,dns,r,A,True,0.000213,135,
yourthings,dns,r,A,True,0.000214,151,
yourthings,dns,r,A,True,0.000215,164,
yourthings,dns,r,A,True,0.000216,276,
yourthings,dns,r,A,True,0.000217,371,
yourthings,dns,r,A,True,0.000218,465,
yourthings,dns,r,A,True,0.000219,546,
yourthings,dns,r,A,True,0.00022,710,
yourthings,dns,r,A,True,0.000221,906,
yourthings,dns,r,A,True,0.000222,1012,
yourthings,dns,r,A,True,0.000223,1160,1
yourthings,dns,r,A,True,0.000224,1177,
yourthings,dns,r,A,True,0.000225,1223,
yourthings,dns,r,A,True,0.000226,1189,
yourthings,dns,r,A,True,0.000227,1147,
yourthings,dns,r,A,True,0.000228,1098,
yourthings,dns,r,A,True,0.000229,985,
yourthings,dns,r,A,True,0.00023,1008,
yourthings,dns,r,A,True,0.000231,883,
yourthings,dns,r,A,True,0.000232,864,
yourthings,dns,r,A,True,0.000233,848,
yourthings,dns,r,A,True,0.000234,700,
yourthings,dns,r,A,True,0.000235,611,
yourthings,dns,r,A,True,0.000236,561,
yourthings,dns,r,A,True,0.000237,532,
yourthings,dns,r,A,True,0.000238,435,
yourthings,dns,r,A,True,0.000239,365,
yourthings,dns,r,A,True,0.00024,269,
yourthings,dns,r,A,True,0.000241,246,
yourthings,dns,r,A,True,0.000242,221,
yourthings,dns,r,A,True,0.000243,207,
yourthings,dns,r,A,True,0.000244,180,
yourthings,dns,r,A,True,0.000245,126,
yourthings,dns,r,A,True,0.000246,108,
yourthings,dns,r,A,True,0.000247,75,
yourthings,dns,r,A,True,0.000248,81,
yourthings,dns,r,A,True,0.000249,43,
yourthings,dns,r,A,True,0.00025,37,
yourthings,dns,r,A,True,0.000251,34,
yourthings,dns,r,A,True,0.000252,27,
yourthings,dns,r,A,True,0.000253,21,
yourthings,dns,r,A,True,0.000254,13,
yourthings,dns,r,A,True,0.000255,9,
yourthings,dns,r,A,True,0.000256,4,
yourthings,dns,r,A,True,0.000257,6,
yourthings,dns,r,A,True,0.000258,3,
yourthings,dns,r,A,True,0.000259,1,
yourthings,dns,r,A,True,0.00026,8,
yourthings,dns,r,A,True,0.000261,3,
yourthings,dns,r,A,True,0.000262,3,
yourthings,dns,r,A,True,0.000263,2,
yourthings,dns,r,A,True,0.000264,3,
yourthings,dns,r,A,True,0.000265,2,
yourthings,dns,r,A,True,0.000266,1,
yourthings,dns,r,A,True,0.000267,2,
yourthings,dns,r,A,True,0.000269,1,
yourthings,dns,r,A,True,0.000274,1,
yourthings,dns,r,A,True,0.000277,1,
yourthings,dns,r,A,True,0.000279,1,
yourthings,dns,r,A,True,0.000287,2,
yourthings,dns,r,A,True,0.00029,1,
yourthings,dns,r,A,True,0.000298,1,
yourthings,dns,r,A,True,0.000299,1,
yourthings,dns,r,A,True,0.000302,1,
yourthings,dns,r,A,True,0.000305,1,
yourthings,dns,r,A,True,0.000307,1,
yourthings,dns,r,A,True,0.000308,1,
yourthings,dns,r,A,True,0.000314,1,
yourthings,dns,r,A,True,0.000315,1,
yourthings,dns,r,A,True,0.000321,1,
yourthings,dns,r,A,True,0.0004,1,
yourthings,dns,r,A,False,2.6e-05,1,
yourthings,dns,r,A,False,2.7e-05,5,
yourthings,dns,r,A,False,2.8e-05,2,
yourthings,dns,r,A,False,2.9e-05,1,
yourthings,dns,r,A,False,3e-05,2,
yourthings,dns,r,A,False,3.7e-05,,1
yourthings,dns,r,A,False,3.8e-05,,1
yourthings,dns,r,A,False,3.9e-05,,2
yourthings,dns,r,A,False,4e-05,,4
yourthings,dns,r,A,False,4.1e-05,,1
yourthings,dns,r,A,False,4.2e-05,,1
yourthings,dns,r,A,False,4.4e-05,,1
yourthings,dns,r,A,False,6.3e-05,1,
yourthings,dns,r,A,False,6.4e-05,2,
yourthings,dns,r,A,False,6.5e-05,3,
yourthings,dns,r,A,False,6.6e-05,4,1
yourthings,dns,r,A,False,6.7e-05,20,3
yourthings,dns,r,A,False,6.8e-05,14,1
yourthings,dns,r,A,False,6.9e-05,9,2
yourthings,dns,r,A,False,7e-05,30,10
yourthings,dns,r,A,False,7.1e-05,16,18
yourthings,dns,r,A,False,7.2e-05,18,11
yourthings,dns,r,A,False,7.3e-05,9,17
yourthings,dns,r,A,False,7.4e-05,8,16
yourthings,dns,r,A,False,7.5e-05,5,18
yourthings,dns,r,A,False,7.6e-05,4,18
yourthings,dns,r,A,False,7.7e-05,2,10
yourthings,dns,r,A,False,7.8e-05,1,7
yourthings,dns,r,A,False,7.9e-05,1,7
yourthings,dns,r,A,False,8e-05,,2
yourthings,dns,r,A,False,8.1e-05,,2
yourthings,dns,r,A,False,8.2e-05,,3
yourthings,dns,r,A,False,8.4e-05,,1
yourthings,dns,r,A,False,9.4e-05,,1
yourthings,dns,r,A,False,9.5e-05,,1
yourthings,dns,r,A,False,9.6e-05,,2
yourthings,dns,r,A,False,9.7e-05,,1
yourthings,dns,r,A,False,9.8e-05,,1
yourthings,dns,r,A,False,9.9e-05,,1
yourthings,dns,r,A,False,0.0001,,1
yourthings,dns,r,A,False,0.000101,1,3
yourthings,dns,r,A,False,0.000102,2,
yourthings,dns,r,A,False,0.000104,1,1
yourthings,dns,r,A,False,0.000105,3,
yourthings,dns,r,A,False,0.000107,2,
yourthings,dns,r,A,False,0.000108,1,3
yourthings,dns,r,A,False,0.000109,,3
yourthings,dns,r,A,False,0.00011,1,8
yourthings,dns,r,A,False,0.000111,,10
yourthings,dns,r,A,False,0.000112,,23
yourthings,dns,r,A,False,0.000113,,17
yourthings,dns,r,A,False,0.000114,,27
yourthings,dns,r,A,False,0.000115,,15
yourthings,dns,r,A,False,0.000116,,31
yourthings,dns,r,A,False,0.000117,,40
yourthings,dns,r,A,False,0.000118,,34
yourthings,dns,r,A,False,0.000119,,41
yourthings,dns,r,A,False,0.00012,,22
yourthings,dns,r,A,False,0.000121,,13
yourthings,dns,r,A,False,0.000122,,8
yourthings,dns,r,A,False,0.000123,,7
yourthings,dns,r,A,False,0.000124,,10
yourthings,dns,r,A,False,0.000125,,11
yourthings,dns,r,A,False,0.000126,,7
yourthings,dns,r,A,False,0.000127,,4
yourthings,dns,r,A,False,0.000128,,2
yourthings,dns,r,A,False,0.000129,,2
yourthings,dns,r,A,False,0.00013,,1
yourthings,dns,r,A,False,0.000132,,1
yourthings,dns,r,A,False,0.000133,,1
yourthings,dns,r,A,False,0.000176,1,
yourthings,dns,r,A,False,0.00018,1,
yourthings,dns,r,A,False,0.000183,1,
yourthings,dns,r,A,False,0.000185,3,
yourthings,dns,r,A,False,0.000187,4,
yourthings,dns,r,A,False,0.000188,2,
yourthings,dns,r,A,False,0.000189,3,
yourthings,dns,r,A,False,0.00019,3,
yourthings,dns,r,A,False,0.000191,9,
yourthings,dns,r,A,False,0.000192,16,
yourthings,dns,r,A,False,0.000193,11,
yourthings,dns,r,A,False,0.000194,10,
yourthings,dns,r,A,False,0.000195,15,
yourthings,dns,r,A,False,0.000196,16,
yourthings,dns,r,A,False,0.000197,12,
yourthings,dns,r,A,False,0.000198,26,
yourthings,dns,r,A,False,0.000199,25,
yourthings,dns,r,A,False,0.0002,20,
yourthings,dns,r,A,False,0.000201,20,
yourthings,dns,r,A,False,0.000202,17,
yourthings,dns,r,A,False,0.000203,25,
yourthings,dns,r,A,False,0.000204,21,
yourthings,dns,r,A,False,0.000205,14,
yourthings,dns,r,A,False,0.000206,5,
yourthings,dns,r,A,False,0.000207,7,
yourthings,dns,r,A,False,0.000208,5,
yourthings,dns,r,A,False,0.000209,7,
yourthings,dns,r,A,False,0.00021,7,
yourthings,dns,r,A,False,0.000211,4,
yourthings,dns,r,A,False,0.000212,9,
yourthings,dns,r,A,False,0.000213,8,
yourthings,dns,r,A,False,0.000214,1,
yourthings,dns,r,A,False,0.000215,3,
yourthings,dns,r,A,False,0.000216,3,
yourthings,dns,r,A,False,0.000217,2,
yourthings,dns,r,A,False,0.000218,1,
yourthings,dns,r,A,False,0.000219,2,
yourthings,dns,r,A,False,0.00022,1,
yourthings,dns,r,A,False,0.000221,1,
yourthings,dns,r,A,False,0.000225,1,
yourthings,dns,r,AAAA,True,2.8e-05,,16
yourthings,dns,r,AAAA,True,2.9e-05,,108
yourthings,dns,r,AAAA,True,3e-05,,220
yourthings,dns,r,AAAA,True,3.1e-05,,526
yourthings,dns,r,AAAA,True,3.2e-05,,2157
yourthings,dns,r,AAAA,True,3.3e-05,,4316
yourthings,dns,r,AAAA,True,3.4e-05,,4801
yourthings,dns,r,AAAA,True,3.5e-05,,3126
yourthings,dns,r,AAAA,True,3.6e-05,,1608
yourthings,dns,r,AAAA,True,3.7e-05,2,671
yourthings,dns,r,AAAA,True,3.8e-05,4,301
yourthings,dns,r,AAAA,True,3.9e-05,6,98
yourthings,dns,r,AAAA,True,4e-05,5,45
yourthings,dns,r,AAAA,True,4.1e-05,3,14
yourthings,dns,r,AAAA,True,4.2e-05,6,6
yourthings,dns,r,AAAA,True,4.3e-05,4,4
yourthings,dns,r,AAAA,True,4.4e-05,8,4
yourthings,dns,r,AAAA,True,4.5e-05,44,4
yourthings,dns,r,AAAA,True,4.6e-05,63,
yourthings,dns,r,AAAA,True,4.7e-05,109,
yourthings,dns,r,AAAA,True,4.8e-05,147,1
yourthings,dns,r,AAAA,True,4.9e-05,426,3
yourthings,dns,r,AAAA,True,5e-05,1024,
yourthings,dns,r,AAAA,True,5.1e-05,1541,3
yourthings,dns,r,AAAA,True,5.2e-05,1843,
yourthings,dns,r,AAAA,True,5.3e-05,1543,
yourthings,dns,r,AAAA,True,5.4e-05,1396,
yourthings,dns,r,AAAA,True,5.5e-05,1540,
yourthings,dns,r,AAAA,True,5.6e-05,1786,
yourthings,dns,r,AAAA,True,5.7e-05,1883,
yourthings,dns,r,AAAA,True,5.8e-05,1599,
yourthings,dns,r,AAAA,True,5.9e-05,1218,
yourthings,dns,r,AAAA,True,6e-05,791,
yourthings,dns,r,AAAA,True,6.1e-05,442,
yourthings,dns,r,AAAA,True,6.2e-05,200,
yourthings,dns,r,AAAA,True,6.3e-05,81,1
yourthings,dns,r,AAAA,True,6.4e-05,55,5
yourthings,dns,r,AAAA,True,6.5e-05,35,14
yourthings,dns,r,AAAA,True,6.6e-05,21,5
yourthings,dns,r,AAAA,True,6.7e-05,8,10
yourthings,dns,r,AAAA,True,6.8e-05,10,12
yourthings,dns,r,AAAA,True,6.9e-05,2,32
yourthings,dns,r,AAAA,True,7e-05,2,154
yourthings,dns,r,AAAA,True,7.1e-05,4,383
yourthings,dns,r,AAAA,True,7.2e-05,2,482
yourthings,dns,r,AAAA,True,7.3e-05,9,551
yourthings,dns,r,AAAA,True,7.4e-05,17,654
yourthings,dns,r,AAAA,True,7.5e-05,16,667
yourthings,dns,r,AAAA,True,7.6e-05,25,847
yourthings,dns,r,AAAA,True,7.7e-05,20,1290
yourthings,dns,r,AAAA,True,7.8e-05,21,2660
yourthings,dns,r,AAAA,True,7.9e-05,13,5157
yourthings,dns,r,AAAA,True,8e-05,15,6847
yourthings,dns,r,AAAA,True,8.1e-05,16,7264
yourthings,dns,r,AAAA,True,8.2e-05,10,6899
yourthings,dns,r,AAAA,True,8.3e-05,5,5944
yourthings,dns,r,AAAA,True,8.4e-05,3,4698
yourthings,dns,r,AAAA,True,8.5e-05,2,3311
yourthings,dns,r,AAAA,True,8.6e-05,1,2272
yourthings,dns,r,AAAA,True,8.7e-05,1,1606
yourthings,dns,r,AAAA,True,8.8e-05,1,1156
yourthings,dns,r,AAAA,True,8.9e-05,,729
yourthings,dns,r,AAAA,True,9e-05,,355
yourthings,dns,r,AAAA,True,9.1e-05,,217
yourthings,dns,r,AAAA,True,9.2e-05,1,94
yourthings,dns,r,AAAA,True,9.3e-05,20,62
yourthings,dns,r,AAAA,True,9.4e-05,115,22
yourthings,dns,r,AAAA,True,9.5e-05,250,10
yourthings,dns,r,AAAA,True,9.6e-05,196,6
yourthings,dns,r,AAAA,True,9.7e-05,245,12
yourthings,dns,r,AAAA,True,9.8e-05,268,11
yourthings,dns,r,AAAA,True,9.9e-05,300,2
yourthings,dns,r,AAAA,True,0.0001,270,3
yourthings,dns,r,AAAA,True,0.000101,339,4
yourthings,dns,r,AAAA,True,0.000102,499,3
yourthings,dns,r,AAAA,True,0.000103,688,2
yourthings,dns,r,AAAA,True,0.000104,1590,1
yourthings,dns,r,AAAA,True,0.000105,2776,1
yourthings,dns,r,AAAA,True,0.000106,4254,
yourthings,dns,r,AAAA,True,0.000107,5206,1
yourthings,dns,r,AAAA,True,0.000108,5533,3
yourthings,dns,r,AAAA,True,0.000109,5481,7
yourthings,dns,r,AAAA,True,0.00011,5056,20
yourthings,dns,r,AAAA,True,0.000111,4455,37
yourthings,dns,r,AAAA,True,0.000112,3688,56
yourthings,dns,r,AAAA,True,0.000113,2836,27
yourthings,dns,r,AAAA,True,0.000114,2163,47
yourthings,dns,r,AAAA,True,0.000115,1583,57
yourthings,dns,r,AAAA,True,0.000116,1252,63
yourthings,dns,r,AAAA,True,0.000117,1041,72
yourthings,dns,r,AAAA,True,0.000118,782,96
yourthings,dns,r,AAAA,True,0.000119,549,111
yourthings,dns,r,AAAA,True,0.00012,332,131
yourthings,dns,r,AAAA,True,0.000121,225,203
yourthings,dns,r,AAAA,True,0.000122,125,302
yourthings,dns,r,AAAA,True,0.000123,69,513
yourthings,dns,r,AAAA,True,0.000124,56,763
yourthings,dns,r,AAAA,True,0.000125,35,895
yourthings,dns,r,AAAA,True,0.000126,36,907
yourthings,dns,r,AAAA,True,0.000127,20,976
yourthings,dns,r,AAAA,True,0.000128,15,974
yourthings,dns,r,AAAA,True,0.000129,15,885
yourthings,dns,r,AAAA,True,0.00013,6,770
yourthings,dns,r,AAAA,True,0.000131,9,659
yourthings,dns,r,AAAA,True,0.000132,5,615
yourthings,dns,r,AAAA,True,0.000133,3,411
yourthings,dns,r,AAAA,True,0.000134,,318
yourthings,dns,r,AAAA,True,0.000135,4,215
yourthings,dns,r,AAAA,True,0.000136,4,194
yourthings,dns,r,AAAA,True,0.000137,9,146
yourthings,dns,r,AAAA,True,0.000138,11,108
yourthings,dns,r,AAAA,True,0.000139,,72
yourthings,dns,r,AAAA,True,0.00014,6,43
yourthings,dns,r,AAAA,True,0.000141,7,29
yourthings,dns,r,AAAA,True,0.000142,2,17
yourthings,dns,r,AAAA,True,0.000143,3,10
yourthings,dns,r,AAAA,True,0.000144,5,8
yourthings,dns,r,AAAA,True,0.000145,8,5
yourthings,dns,r,AAAA,True,0.000146,5,1
yourthings,dns,r,AAAA,True,0.000147,7,4
yourthings,dns,r,AAAA,True,0.000148,13,4
yourthings,dns,r,AAAA,True,0.000149,14,
yourthings,dns,r,AAAA,True,0.00015,30,3
yourthings,dns,r,AAAA,True,0.000151,49,2
yourthings,dns,r,AAAA,True,0.000152,77,
yourthings,dns,r,AAAA,True,0.000153,92,
yourthings,dns,r,AAAA,True,0.000154,92,1
yourthings,dns,r,AAAA,True,0.000155,105,1
yourthings,dns,r,AAAA,True,0.000156,92,
yourthings,dns,r,AAAA,True,0.000157,96,1
yourthings,dns,r,AAAA,True,0.000158,116,
yourthings,dns,r,AAAA,True,0.000159,113,
yourthings,dns,r,AAAA,True,0.00016,113,
yourthings,dns,r,AAAA,True,0.000161,110,
yourthings,dns,r,AAAA,True,0.000162,123,1
yourthings,dns,r,AAAA,True,0.000163,85,
yourthings,dns,r,AAAA,True,0.000164,95,1
yourthings,dns,r,AAAA,True,0.000165,76,1
yourthings,dns,r,AAAA,True,0.000166,77,1
yourthings,dns,r,AAAA,True,0.000167,51,
yourthings,dns,r,AAAA,True,0.000168,62,
yourthings,dns,r,AAAA,True,0.000169,54,
yourthings,dns,r,AAAA,True,0.00017,60,1
yourthings,dns,r,AAAA,True,0.000171,47,
yourthings,dns,r,AAAA,True,0.000172,33,
yourthings,dns,r,AAAA,True,0.000173,26,
yourthings,dns,r,AAAA,True,0.000174,23,
yourthings,dns,r,AAAA,True,0.000175,20,
yourthings,dns,r,AAAA,True,0.000176,10,
yourthings,dns,r,AAAA,True,0.000177,10,
yourthings,dns,r,AAAA,True,0.000178,14,
yourthings,dns,r,AAAA,True,0.000179,6,
yourthings,dns,r,AAAA,True,0.00018,6,
yourthings,dns,r,AAAA,True,0.000181,2,
yourthings,dns,r,AAAA,True,0.000182,6,
yourthings,dns,r,AAAA,True,0.000183,3,
yourthings,dns,r,AAAA,True,0.000184,1,
yourthings,dns,r,AAAA,True,0.000185,2,
yourthings,dns,r,AAAA,True,0.000186,1,
yourthings,dns,r,AAAA,True,0.000187,1,
yourthings,dns,r,AAAA,True,0.000189,2,
yourthings,dns,r,AAAA,True,0.00019,1,
yourthings,dns,r,AAAA,True,0.000192,2,
yourthings,dns,r,AAAA,True,0.000193,3,
yourthings,dns,r,AAAA,True,0.000194,1,
yourthings,dns,r,AAAA,True,0.000195,1,
yourthings,dns,r,AAAA,True,0.000196,1,
yourthings,dns,r,AAAA,True,0.000199,2,
yourthings,dns,r,AAAA,True,0.0002,1,1
yourthings,dns,r,AAAA,True,0.000201,6,
yourthings,dns,r,AAAA,True,0.000202,2,
yourthings,dns,r,AAAA,True,0.000203,1,
yourthings,dns,r,AAAA,True,0.000205,1,
yourthings,dns,r,AAAA,True,0.000206,4,
yourthings,dns,r,AAAA,True,0.000207,5,
yourthings,dns,r,AAAA,True,0.000208,18,
yourthings,dns,r,AAAA,True,0.000209,27,
yourthings,dns,r,AAAA,True,0.00021,27,
yourthings,dns,r,AAAA,True,0.000211,27,
yourthings,dns,r,AAAA,True,0.000212,18,
yourthings,dns,r,AAAA,True,0.000213,15,
yourthings,dns,r,AAAA,True,0.000214,28,
yourthings,dns,r,AAAA,True,0.000215,37,
yourthings,dns,r,AAAA,True,0.000216,50,
yourthings,dns,r,AAAA,True,0.000217,66,
yourthings,dns,r,AAAA,True,0.000218,44,
yourthings,dns,r,AAAA,True,0.000219,55,
yourthings,dns,r,AAAA,True,0.00022,51,
yourthings,dns,r,AAAA,True,0.000221,44,
yourthings,dns,r,AAAA,True,0.000222,44,
yourthings,dns,r,AAAA,True,0.000223,66,
yourthings,dns,r,AAAA,True,0.000224,67,
yourthings,dns,r,AAAA,True,0.000225,68,
yourthings,dns,r,AAAA,True,0.000226,67,
yourthings,dns,r,AAAA,True,0.000227,72,
yourthings,dns,r,AAAA,True,0.000228,79,
yourthings,dns,r,AAAA,True,0.000229,132,
yourthings,dns,r,AAAA,True,0.00023,170,
yourthings,dns,r,AAAA,True,0.000231,203,
yourthings,dns,r,AAAA,True,0.000232,281,
yourthings,dns,r,AAAA,True,0.000233,389,
yourthings,dns,r,AAAA,True,0.000234,407,
yourthings,dns,r,AAAA,True,0.000235,455,
yourthings,dns,r,AAAA,True,0.000236,434,
yourthings,dns,r,AAAA,True,0.000237,482,
yourthings,dns,r,AAAA,True,0.000238,465,
yourthings,dns,r,AAAA,True,0.000239,533,
yourthings,dns,r,AAAA,True,0.00024,496,
yourthings,dns,r,AAAA,True,0.000241,512,
yourthings,dns,r,AAAA,True,0.000242,461,
yourthings,dns,r,AAAA,True,0.000243,493,
yourthings,dns,r,AAAA,True,0.000244,463,
yourthings,dns,r,AAAA,True,0.000245,432,
yourthings,dns,r,AAAA,True,0.000246,380,
yourthings,dns,r,AAAA,True,0.000247,367,
yourthings,dns,r,AAAA,True,0.000248,323,
yourthings,dns,r,AAAA,True,0.000249,277,
yourthings,dns,r,AAAA,True,0.00025,243,
yourthings,dns,r,AAAA,True,0.000251,236,
yourthings,dns,r,AAAA,True,0.000252,167,
yourthings,dns,r,AAAA,True,0.000253,134,
yourthings,dns,r,AAAA,True,0.000254,145,
yourthings,dns,r,AAAA,True,0.000255,94,
yourthings,dns,r,AAAA,True,0.000256,103,
yourthings,dns,r,AAAA,True,0.000257,96,
yourthings,dns,r,AAAA,True,0.000258,78,
yourthings,dns,r,AAAA,True,0.000259,53,
yourthings,dns,r,AAAA,True,0.00026,53,
yourthings,dns,r,AAAA,True,0.000261,50,
yourthings,dns,r,AAAA,True,0.000262,26,
yourthings,dns,r,AAAA,True,0.000263,31,
yourthings,dns,r,AAAA,True,0.000264,22,
yourthings,dns,r,AAAA,True,0.000265,11,
yourthings,dns,r,AAAA,True,0.000266,13,
yourthings,dns,r,AAAA,True,0.000267,7,
yourthings,dns,r,AAAA,True,0.000268,8,
yourthings,dns,r,AAAA,True,0.000269,2,
yourthings,dns,r,AAAA,True,0.00027,5,
yourthings,dns,r,AAAA,True,0.000271,6,
yourthings,dns,r,AAAA,True,0.000272,3,
yourthings,dns,r,AAAA,True,0.000273,2,
yourthings,dns,r,AAAA,True,0.000274,1,
yourthings,dns,r,AAAA,True,0.000275,1,
yourthings,dns,r,AAAA,True,0.000277,1,
yourthings,dns,r,AAAA,True,0.000278,1,
yourthings,dns,r,AAAA,True,0.000279,1,
yourthings,dns,r,AAAA,True,0.000282,2,
yourthings,dns,r,AAAA,True,0.000284,2,
yourthings,dns,r,AAAA,True,0.000285,2,
yourthings,dns,r,AAAA,True,0.000287,3,
yourthings,dns,r,AAAA,True,0.000288,1,
yourthings,dns,r,AAAA,True,0.000295,5,
yourthings,dns,r,AAAA,True,0.000296,1,
yourthings,dns,r,AAAA,True,0.000299,2,
yourthings,dns,r,AAAA,True,0.0003,1,
yourthings,dns,r,AAAA,True,0.000302,1,
yourthings,dns,r,AAAA,True,0.000304,3,
yourthings,dns,r,AAAA,True,0.000305,1,
yourthings,dns,r,AAAA,True,0.000306,1,
yourthings,dns,r,AAAA,True,0.000308,1,
yourthings,dns,r,AAAA,True,0.000311,1,
yourthings,dns,r,AAAA,True,0.000313,1,
yourthings,dns,r,AAAA,True,0.000319,1,
yourthings,dns,r,AAAA,True,0.000322,1,
yourthings,dns,r,AAAA,True,0.000343,1,
yourthings,dns,r,AAAA,True,0.000352,1,
yourthings,dns,r,AAAA,True,0.000445,1,
yourthings,dns,r,AAAA,False,2.3e-05,5,
yourthings,dns,r,AAAA,False,2.4e-05,23,
yourthings,dns,r,AAAA,False,2.5e-05,58,
yourthings,dns,r,AAAA,False,2.6e-05,317,
yourthings,dns,r,AAAA,False,2.7e-05,417,
yourthings,dns,r,AAAA,False,2.8e-05,201,
yourthings,dns,r,AAAA,False,2.9e-05,47,
yourthings,dns,r,AAAA,False,3e-05,7,
yourthings,dns,r,AAAA,False,3.1e-05,1,
yourthings,dns,r,AAAA,False,3.2e-05,1,
yourthings,dns,r,AAAA,False,3.3e-05,,9
yourthings,dns,r,AAAA,False,3.4e-05,,9
yourthings,dns,r,AAAA,False,3.5e-05,,20
yourthings,dns,r,AAAA,False,3.6e-05,,59
yourthings,dns,r,AAAA,False,3.7e-05,,204
yourthings,dns,r,AAAA,False,3.8e-05,,297
yourthings,dns,r,AAAA,False,3.9e-05,,259
yourthings,dns,r,AAAA,False,4e-05,,126
yourthings,dns,r,AAAA,False,4.1e-05,,61
yourthings,dns,r,AAAA,False,4.2e-05,,24
yourthings,dns,r,AAAA,False,4.3e-05,,5
yourthings,dns,r,AAAA,False,4.4e-05,,1
yourthings,dns,r,AAAA,False,4.7e-05,,1
yourthings,dns,r,AAAA,False,5.1e-05,,1
yourthings,dns,r,AAAA,False,5.4e-05,,1
yourthings,dns,r,AAAA,False,7.3e-05,1,
yourthings,dns,r,AAAA,False,7.6e-05,2,1
yourthings,dns,r,AAAA,False,7.7e-05,1,
yourthings,dns,r,AAAA,False,7.8e-05,2,
yourthings,dns,r,AAAA,False,7.9e-05,5,2
yourthings,dns,r,AAAA,False,8e-05,14,2
yourthings,dns,r,AAAA,False,8.1e-05,9,1
yourthings,dns,r,AAAA,False,8.2e-05,11,5
yourthings,dns,r,AAAA,False,8.3e-05,19,11
yourthings,dns,r,AAAA,False,8.4e-05,17,9
yourthings,dns,r,AAAA,False,8.5e-05,9,12
yourthings,dns,r,AAAA,False,8.6e-05,11,15
yourthings,dns,r,AAAA,False,8.7e-05,11,18
yourthings,dns,r,AAAA,False,8.8e-05,3,18
yourthings,dns,r,AAAA,False,8.9e-05,5,7
yourthings,dns,r,AAAA,False,9e-05,3,10
yourthings,dns,r,AAAA,False,9.1e-05,1,5
yourthings,dns,r,AAAA,False,9.2e-05,,6
yourthings,dns,r,AAAA,False,9.3e-05,,1
yourthings,dns,r,AAAA,False,9.4e-05,,1
yourthings,dns,r,AAAA,False,9.9e-05,,1
yourthings,dns,r,AAAA,False,0.000122,,5
yourthings,dns,r,AAAA,False,0.000123,,2
yourthings,dns,r,AAAA,False,0.000124,,2
yourthings,dns,r,AAAA,False,0.000125,,7
yourthings,dns,r,AAAA,False,0.000126,,4
yourthings,dns,r,AAAA,False,0.000127,,3
yourthings,dns,r,AAAA,False,0.000128,,2
yourthings,dns,r,AAAA,False,0.000129,,4
yourthings,dns,r,AAAA,False,0.00013,,4
yourthings,dns,r,AAAA,False,0.000131,,4
yourthings,dns,r,AAAA,False,0.000132,1,5
yourthings,dns,r,AAAA,False,0.000133,,4
yourthings,dns,r,AAAA,False,0.000134,,2
yourthings,dns,r,AAAA,False,0.000135,,4
yourthings,dns,r,AAAA,False,0.000136,,3
yourthings,dns,r,AAAA,False,0.000137,,1
yourthings,dns,r,AAAA,False,0.000138,,1
yourthings,dns,r,AAAA,False,0.000139,,1
yourthings,dns,r,AAAA,False,0.00014,,2
yourthings,dns,r,AAAA,False,0.000143,,1
yourthings,dns,r,AAAA,False,0.000197,1,
yourthings,dns,r,AAAA,False,0.000198,1,
yourthings,dns,r,AAAA,False,0.000201,1,
yourthings,dns,r,AAAA,False,0.000202,3,
yourthings,dns,r,AAAA,False,0.000203,2,
yourthings,dns,r,AAAA,False,0.000204,1,
yourthings,dns,r,AAAA,False,0.000205,1,
yourthings,dns,r,AAAA,False,0.000206,3,
yourthings,dns,r,AAAA,False,0.000207,3,
yourthings,dns,r,AAAA,False,0.000208,3,
yourthings,dns,r,AAAA,False,0.000209,2,
yourthings,dns,r,AAAA,False,0.00021,2,
yourthings,dns,r,AAAA,False,0.000211,3,
yourthings,dns,r,AAAA,False,0.000212,3,
yourthings,dns,r,AAAA,False,0.000213,4,
yourthings,dns,r,AAAA,False,0.000214,4,
yourthings,dns,r,AAAA,False,0.000216,3,
yourthings,dns,r,AAAA,False,0.000217,1,
yourthings,dns,r,AAAA,False,0.000218,4,
yourthings,dns,r,AAAA,False,0.000219,4,
yourthings,dns,r,AAAA,False,0.000221,2,
yourthings,dns,r,AAAA,False,0.000222,2,
yourthings,dns,r,AAAA,False,0.000223,2,
yourthings,dns,r,AAAA,False,0.000224,1,
yourthings,dns,r,AAAA,False,0.000225,1,
yourthings,dns,r,AAAA,False,0.000227,1,
yourthings,dns,r,AAAA,False,0.000228,1,
yourthings,dns,r,AAAA,False,0.000231,1,
yourthings,dns,r,AAAA,False,0.000234,1,
yourthings,dns,r,TXT,True,3e-05,,29
yourthings,dns,r,TXT,True,3.1e-05,,32
yourthings,dns,r,TXT,True,3.2e-05,,30
yourthings,dns,r,TXT,True,3.3e-05,,22
yourthings,dns,r,TXT,True,3.4e-05,,22
yourthings,dns,r,TXT,True,3.5e-05,,11
yourthings,dns,r,TXT,True,3.6e-05,,7
yourthings,dns,r,TXT,True,3.7e-05,,6
yourthings,dns,r,TXT,True,4e-05,,1
yourthings,dns,r,TXT,True,4.6e-05,12,
yourthings,dns,r,TXT,True,4.7e-05,19,
yourthings,dns,r,TXT,True,4.8e-05,22,
yourthings,dns,r,TXT,True,4.9e-05,22,
yourthings,dns,r,TXT,True,5e-05,16,
yourthings,dns,r,TXT,True,5.1e-05,18,
yourthings,dns,r,TXT,True,5.2e-05,5,
yourthings,dns,r,TXT,True,5.3e-05,3,
yourthings,dns,r,TXT,True,5.4e-05,2,
yourthings,dns,r,TXT,True,5.9e-05,2,
yourthings,dns,r,TXT,True,6e-05,4,
yourthings,dns,r,TXT,True,6.1e-05,8,
yourthings,dns,r,TXT,True,6.2e-05,10,
yourthings,dns,r,TXT,True,6.3e-05,9,
yourthings,dns,r,TXT,True,6.4e-05,6,
yourthings,dns,r,TXT,True,6.5e-05,1,
yourthings,dns,r,TXT,True,6.7e-05,1,
yourthings,dns,r,TXT,True,7.2e-05,,2
yourthings,dns,r,TXT,True,7.3e-05,,2
yourthings,dns,r,TXT,True,7.4e-05,,9
yourthings,dns,r,TXT,True,7.5e-05,,10
yourthings,dns,r,TXT,True,7.6e-05,,18
yourthings,dns,r,TXT,True,7.7e-05,,9
yourthings,dns,r,TXT,True,7.8e-05,,8
yourthings,dns,r,TXT,True,7.9e-05,,8
yourthings,dns,r,TXT,True,8e-05,,4
yourthings,dns,r,TXT,True,8.1e-05,,1
yourthings,dns,r,TXT,True,8.2e-05,,3
yourthings,dns,r,TXT,True,8.3e-05,,6
yourthings,dns,r,TXT,True,9.6e-05,2,
yourthings,dns,r,TXT,True,9.9e-05,8,
yourthings,dns,r,TXT,True,0.0001,9,
yourthings,dns,r,TXT,True,0.000101,14,
yourthings,dns,r,TXT,True,0.000102,4,
yourthings,dns,r,TXT,True,0.000103,4,
yourthings,dns,r,TXT,True,0.000104,7,
yourthings,dns,r,TXT,True,0.000105,4,
yourthings,dns,r,TXT,True,0.000106,11,
yourthings,dns,r,TXT,True,0.000107,7,
yourthings,dns,r,TXT,True,0.000109,1,
yourthings,dns,r,TXT,True,0.00011,3,
yourthings,dns,r,TXT,True,0.000111,5,
yourthings,dns,r,TXT,True,0.000112,1,
yourthings,dns,r,PTR,True,3e-05,,6
yourthings,dns,r,PTR,True,3.1e-05,,2
yourthings,dns,r,PTR,True,3.2e-05,,1
yourthings,dns,r,PTR,True,3.3e-05,,32
yourthings,dns,r,PTR,True,3.4e-05,,269
yourthings,dns,r,PTR,True,3.5e-05,,470
yourthings,dns,r,PTR,True,3.6e-05,,346
yourthings,dns,r,PTR,True,3.7e-05,,165
yourthings,dns,r,PTR,True,3.8e-05,,79
yourthings,dns,r,PTR,True,3.9e-05,,25
yourthings,dns,r,PTR,True,4e-05,,5
yourthings,dns,r,PTR,True,4.1e-05,,2
yourthings,dns,r,PTR,True,5.4e-05,,1
yourthings,dns,r,PTR,True,5.7e-05,4,
yourthings,dns,r,PTR,True,5.8e-05,1,
yourthings,dns,r,PTR,True,5.9e-05,1,1
yourthings,dns,r,PTR,True,6e-05,3,
yourthings,dns,r,PTR,True,6.2e-05,1,1
yourthings,dns,r,PTR,True,6.3e-05,4,
yourthings,dns,r,PTR,True,6.4e-05,24,3
yourthings,dns,r,PTR,True,6.5e-05,73,4
yourthings,dns,r,PTR,True,6.6e-05,188,19
yourthings,dns,r,PTR,True,6.7e-05,278,24
yourthings,dns,r,PTR,True,6.8e-05,254,46
yourthings,dns,r,PTR,True,6.9e-05,225,45
yourthings,dns,r,PTR,True,7e-05,157,39
yourthings,dns,r,PTR,True,7.1e-05,103,47
yourthings,dns,r,PTR,True,7.2e-05,60,111
yourthings,dns,r,PTR,True,7.3e-05,13,227
yourthings,dns,r,PTR,True,7.4e-05,9,469
yourthings,dns,r,PTR,True,7.5e-05,3,553
yourthings,dns,r,PTR,True,7.6e-05,2,562
yourthings,dns,r,PTR,True,7.7e-05,,482
yourthings,dns,r,PTR,True,7.8e-05,,509
yourthings,dns,r,PTR,True,7.9e-05,,347
yourthings,dns,r,PTR,True,8e-05,,193
yourthings,dns,r,PTR,True,8.1e-05,,133
yourthings,dns,r,PTR,True,8.2e-05,,106
yourthings,dns,r,PTR,True,8.3e-05,,54
yourthings,dns,r,PTR,True,8.4e-05,,38
yourthings,dns,r,PTR,True,8.5e-05,,14
yourthings,dns,r,PTR,True,8.6e-05,,4
yourthings,dns,r,PTR,True,8.7e-05,,5
yourthings,dns,r,PTR,True,8.8e-05,,2
yourthings,dns,r,PTR,True,9e-05,,2
yourthings,dns,r,PTR,True,9.1e-05,,2
yourthings,dns,r,PTR,True,9.6e-05,,1
yourthings,dns,r,PTR,True,0.000109,,1
yourthings,dns,r,PTR,True,0.000125,1,
yourthings,dns,r,PTR,True,0.000131,,1
yourthings,dns,r,PTR,True,0.000132,1,
yourthings,dns,r,PTR,True,0.000134,1,
yourthings,dns,r,PTR,True,0.000135,1,
yourthings,dns,r,PTR,True,0.000138,3,
yourthings,dns,r,PTR,True,0.000139,2,
yourthings,dns,r,PTR,True,0.00014,9,
yourthings,dns,r,PTR,True,0.000141,5,
yourthings,dns,r,PTR,True,0.000142,7,
yourthings,dns,r,PTR,True,0.000143,4,
yourthings,dns,r,PTR,True,0.000144,6,
yourthings,dns,r,PTR,True,0.000145,10,
yourthings,dns,r,PTR,True,0.000146,10,
yourthings,dns,r,PTR,True,0.000147,10,
yourthings,dns,r,PTR,True,0.000148,6,
yourthings,dns,r,PTR,True,0.000149,6,
yourthings,dns,r,PTR,True,0.00015,6,
yourthings,dns,r,PTR,True,0.000151,8,
yourthings,dns,r,PTR,True,0.000152,11,
yourthings,dns,r,PTR,True,0.000153,20,
yourthings,dns,r,PTR,True,0.000154,16,
yourthings,dns,r,PTR,True,0.000155,23,
yourthings,dns,r,PTR,True,0.000156,5,
yourthings,dns,r,PTR,True,0.000157,10,
yourthings,dns,r,PTR,True,0.000158,20,
yourthings,dns,r,PTR,True,0.000159,31,
yourthings,dns,r,PTR,True,0.00016,22,
yourthings,dns,r,PTR,True,0.000161,26,
yourthings,dns,r,PTR,True,0.000162,35,
yourthings,dns,r,PTR,True,0.000163,46,
yourthings,dns,r,PTR,True,0.000164,102,
yourthings,dns,r,PTR,True,0.000165,165,
yourthings,dns,r,PTR,True,0.000166,200,
yourthings,dns,r,PTR,True,0.000167,253,
yourthings,dns,r,PTR,True,0.000168,234,
yourthings,dns,r,PTR,True,0.000169,250,
yourthings,dns,r,PTR,True,0.00017,277,
yourthings,dns,r,PTR,True,0.000171,248,
yourthings,dns,r,PTR,True,0.000172,254,
yourthings,dns,r,PTR,True,0.000173,299,
yourthings,dns,r,PTR,True,0.000174,242,
yourthings,dns,r,PTR,True,0.000175,230,
yourthings,dns,r,PTR,True,0.000176,191,
yourthings,dns,r,PTR,True,0.000177,157,
yourthings,dns,r,PTR,True,0.000178,114,
yourthings,dns,r,PTR,True,0.000179,77,
yourthings,dns,r,PTR,True,0.00018,85,
yourthings,dns,r,PTR,True,0.000181,71,
yourthings,dns,r,PTR,True,0.000182,54,
yourthings,dns,r,PTR,True,0.000183,44,
yourthings,dns,r,PTR,True,0.000184,32,
yourthings,dns,r,PTR,True,0.000185,27,
yourthings,dns,r,PTR,True,0.000186,13,
yourthings,dns,r,PTR,True,0.000187,22,
yourthings,dns,r,PTR,True,0.000188,12,
yourthings,dns,r,PTR,True,0.000189,6,
yourthings,dns,r,PTR,True,0.00019,3,
yourthings,dns,r,PTR,True,0.000191,3,
yourthings,dns,r,PTR,True,0.000192,4,
yourthings,dns,r,PTR,True,0.000193,1,
yourthings,dns,r,PTR,True,0.000194,1,
yourthings,dns,r,PTR,True,0.000195,4,
yourthings,dns,r,PTR,True,0.000196,1,
yourthings,dns,r,PTR,True,0.000197,2,
yourthings,dns,r,PTR,True,0.000198,1,
yourthings,dns,r,PTR,True,0.000201,1,
yourthings,dns,r,PTR,True,0.000219,1,
yourthings,dns,r,PTR,True,0.000223,1,
yourthings,dns,r,PTR,True,0.000248,1,
yourthings,dns,r,PTR,True,0.000311,1,
yourthings,dns,r,PTR,False,3.6e-05,1,
yourthings,dns,r,PTR,False,5.6e-05,,1
yourthings,dns,r,PTR,False,8.6e-05,,1
yourthings,dns,r,PTR,False,8.8e-05,,1
yourthings,dns,r,PTR,False,0.000139,1,
yourthings,dns,r,PTR,False,0.000145,1,
